// Validating benchmarks:
// ***** BenchmarkRunner: Start   *****
// ***** Found 21 benchmark(s) in total *****
// ***** Building 3 exe(s) in Parallel: Start   *****
// ***** Done, took 00:00:42 (42.43 sec)   *****
// Found 3 benchmarks:
//   CircuitBreakerBenchmarks.ClosedCircuitHealthyExecution: .NET 10.0(Runtime=.NET 10.0, Toolchain=net10.0)
//   CircuitBreakerBenchmarks.ClosedCircuitHealthyExecution: .NET 8.0(Runtime=.NET 8.0, Toolchain=net8.0)
//   CircuitBreakerBenchmarks.ClosedCircuitHealthyExecution: .NET 9.0(Runtime=.NET 9.0, Toolchain=net9.0)

// **************************
// Benchmark: CircuitBreakerBenchmarks.ClosedCircuitHealthyExecution: .NET 10.0(Runtime=.NET 10.0, Toolchain=net10.0)
// *** Execute ***
// Launch: 1 / 1
// Execute: dotnet "EricksonLopez.Resilience.Benchmarks-.NET 10.0-1.dll" --anonymousPipes 151 156 --benchmarkName EricksonLopez.Resilience.Benchmarks.CircuitBreakerBenchmarks.ClosedCircuitHealthyExecution --job ".NET 10.0" --benchmarkId 0 in /home/runner/work/dotnet-resilience/dotnet-resilience/benchmarks/EricksonLopez.Resilience.Benchmarks/bin/Release/net10.0/EricksonLopez.Resilience.Benchmarks-.NET 10.0-1/bin/Release/net10.0
// Failed to set up high priority (Permission denied). In order to run benchmarks with high priority, make sure you have the right permissions.
// BeforeAnythingElse

// Benchmark Process Environment Information:
// BenchmarkDotNet v0.15.8
// Runtime=.NET 10.0.12 (10.0.12, 10.0.1226.42308), X64 RyuJIT x86-64-v4
// GC=Concurrent Workstation
// HardwareIntrinsics=AVX512 BITALG+VBMI2+VNNI+VPOPCNTDQ,AVX512 IFMA+VBMI,AVX512 F+BW+CD+DQ+VL,AVX2+BMI1+BMI2+F16C+FMA+LZCNT+MOVBE,AVX,SSE3+SSSE3+SSE4.1+SSE4.2+POPCNT,X86Base+SSE+SSE2,AES+PCLMUL VectorSize=256
// Job: .NET 10.0

OverheadJitting  1: 1 op, 197156.00 ns, 197.1560 us/op
WorkloadJitting  1: 1 op, 13638061.00 ns, 13.6381 ms/op

OverheadJitting  2: 16 op, 306281.00 ns, 19.1426 us/op
WorkloadJitting  2: 16 op, 375384.00 ns, 23.4615 us/op

WorkloadPilot    1: 16 op, 54812.00 ns, 3.4258 us/op
WorkloadPilot    2: 32 op, 87631.00 ns, 2.7385 us/op
WorkloadPilot    3: 64 op, 144327.00 ns, 2.2551 us/op
WorkloadPilot    4: 128 op, 274703.00 ns, 2.1461 us/op
WorkloadPilot    5: 256 op, 522425.00 ns, 2.0407 us/op
WorkloadPilot    6: 512 op, 1064880.00 ns, 2.0798 us/op
WorkloadPilot    7: 1024 op, 2615031.00 ns, 2.5537 us/op
WorkloadPilot    8: 2048 op, 4021555.00 ns, 1.9636 us/op
WorkloadPilot    9: 4096 op, 8002169.00 ns, 1.9537 us/op
WorkloadPilot   10: 8192 op, 16392891.00 ns, 2.0011 us/op
WorkloadPilot   11: 16384 op, 32425812.00 ns, 1.9791 us/op
WorkloadPilot   12: 32768 op, 64656870.00 ns, 1.9732 us/op
WorkloadPilot   13: 65536 op, 104043075.00 ns, 1.5876 us/op
WorkloadPilot   14: 131072 op, 48709709.00 ns, 371.6256 ns/op
WorkloadPilot   15: 262144 op, 90871746.00 ns, 346.6482 ns/op
WorkloadPilot   16: 524288 op, 176158553.00 ns, 335.9958 ns/op
WorkloadPilot   17: 1048576 op, 354492708.00 ns, 338.0706 ns/op
WorkloadPilot   18: 2097152 op, 742438914.00 ns, 354.0225 ns/op

OverheadWarmup   1: 2097152 op, 4238963.00 ns, 2.0213 ns/op
OverheadWarmup   2: 2097152 op, 4283350.00 ns, 2.0425 ns/op
OverheadWarmup   3: 2097152 op, 4229058.00 ns, 2.0166 ns/op
OverheadWarmup   4: 2097152 op, 4226866.00 ns, 2.0155 ns/op
OverheadWarmup   5: 2097152 op, 4222579.00 ns, 2.0135 ns/op
OverheadWarmup   6: 2097152 op, 4225714.00 ns, 2.0150 ns/op
OverheadWarmup   7: 2097152 op, 4268427.00 ns, 2.0353 ns/op
OverheadWarmup   8: 2097152 op, 4226605.00 ns, 2.0154 ns/op

OverheadActual   1: 2097152 op, 4264792.00 ns, 2.0336 ns/op
OverheadActual   2: 2097152 op, 4228448.00 ns, 2.0163 ns/op
OverheadActual   3: 2097152 op, 4238152.00 ns, 2.0209 ns/op
OverheadActual   4: 2097152 op, 4235969.00 ns, 2.0199 ns/op
OverheadActual   5: 2097152 op, 4231352.00 ns, 2.0177 ns/op
OverheadActual   6: 2097152 op, 4222409.00 ns, 2.0134 ns/op
OverheadActual   7: 2097152 op, 4233776.00 ns, 2.0188 ns/op
OverheadActual   8: 2097152 op, 4266875.00 ns, 2.0346 ns/op
OverheadActual   9: 2097152 op, 4231983.00 ns, 2.0180 ns/op
OverheadActual  10: 2097152 op, 4225163.00 ns, 2.0147 ns/op
OverheadActual  11: 2097152 op, 4225514.00 ns, 2.0149 ns/op
OverheadActual  12: 2097152 op, 4268118.00 ns, 2.0352 ns/op
OverheadActual  13: 2097152 op, 4568308.00 ns, 2.1783 ns/op
OverheadActual  14: 2097152 op, 6504641.00 ns, 3.1017 ns/op
OverheadActual  15: 2097152 op, 6525161.00 ns, 3.1114 ns/op

WorkloadWarmup   1: 2097152 op, 709277976.00 ns, 338.2101 ns/op
WorkloadWarmup   2: 2097152 op, 707022424.00 ns, 337.1346 ns/op
WorkloadWarmup   3: 2097152 op, 702086913.00 ns, 334.7811 ns/op
WorkloadWarmup   4: 2097152 op, 709735744.00 ns, 338.4284 ns/op
WorkloadWarmup   5: 2097152 op, 705373565.00 ns, 336.3483 ns/op
WorkloadWarmup   6: 2097152 op, 704399400.00 ns, 335.8838 ns/op
WorkloadWarmup   7: 2097152 op, 704024297.00 ns, 335.7049 ns/op
WorkloadWarmup   8: 2097152 op, 704636137.00 ns, 335.9967 ns/op
WorkloadWarmup   9: 2097152 op, 705574288.00 ns, 336.4440 ns/op
WorkloadWarmup  10: 2097152 op, 705494321.00 ns, 336.4059 ns/op

// BeforeActualRun
WorkloadActual   1: 2097152 op, 705332515.00 ns, 336.3288 ns/op
WorkloadActual   2: 2097152 op, 707786374.00 ns, 337.4988 ns/op
WorkloadActual   3: 2097152 op, 712763866.00 ns, 339.8723 ns/op
WorkloadActual   4: 2097152 op, 707618551.00 ns, 337.4188 ns/op
WorkloadActual   5: 2097152 op, 707416247.00 ns, 337.3224 ns/op
WorkloadActual   6: 2097152 op, 712564778.00 ns, 339.7774 ns/op
WorkloadActual   7: 2097152 op, 715202592.00 ns, 341.0352 ns/op
WorkloadActual   8: 2097152 op, 708279846.00 ns, 337.7341 ns/op
WorkloadActual   9: 2097152 op, 708457563.00 ns, 337.8189 ns/op
WorkloadActual  10: 2097152 op, 706144706.00 ns, 336.7160 ns/op
WorkloadActual  11: 2097152 op, 708280366.00 ns, 337.7344 ns/op
WorkloadActual  12: 2097152 op, 705765522.00 ns, 336.5352 ns/op
WorkloadActual  13: 2097152 op, 705813485.00 ns, 336.5581 ns/op
WorkloadActual  14: 2097152 op, 708026921.00 ns, 337.6135 ns/op
WorkloadActual  15: 2097152 op, 706602180.00 ns, 336.9342 ns/op

// AfterActualRun
WorkloadResult   1: 2097152 op, 701096546.00 ns, 334.3089 ns/op
WorkloadResult   2: 2097152 op, 703550405.00 ns, 335.4790 ns/op
WorkloadResult   3: 2097152 op, 703382582.00 ns, 335.3990 ns/op
WorkloadResult   4: 2097152 op, 703180278.00 ns, 335.3025 ns/op
WorkloadResult   5: 2097152 op, 704043877.00 ns, 335.7143 ns/op
WorkloadResult   6: 2097152 op, 704221594.00 ns, 335.7990 ns/op
WorkloadResult   7: 2097152 op, 701908737.00 ns, 334.6962 ns/op
WorkloadResult   8: 2097152 op, 704044397.00 ns, 335.7145 ns/op
WorkloadResult   9: 2097152 op, 701529553.00 ns, 334.5154 ns/op
WorkloadResult  10: 2097152 op, 701577516.00 ns, 334.5382 ns/op
WorkloadResult  11: 2097152 op, 703790952.00 ns, 335.5937 ns/op
WorkloadResult  12: 2097152 op, 702366211.00 ns, 334.9143 ns/op
// GC:  21 0 0 352321576 2097152
// Threading:  0 0 2097152

// AfterAll
// Benchmark Process 4051 has exited with code 0.

Mean = 335.165 ns, StdErr = 0.156 ns (0.05%), N = 12, StdDev = 0.539 ns
Min = 334.309 ns, Q1 = 334.657 ns, Median = 335.351 ns, Q3 = 335.624 ns, Max = 335.799 ns
IQR = 0.967 ns, LowerFence = 333.206 ns, UpperFence = 337.075 ns
ConfidenceInterval = [334.475 ns; 335.855 ns] (CI 99.9%), Margin = 0.690 ns (0.21% of Mean)
Skewness = -0.29, Kurtosis = 1.3, MValue = 2

// ** Remained 20 (95.2 %) benchmark(s) to run. Estimated finish 2026-09-27 7:27 (0h 6m from now) **
// **************************
// Benchmark: CircuitBreakerBenchmarks.ClosedCircuitHealthyExecution: .NET 8.0(Runtime=.NET 8.0, Toolchain=net8.0)
// *** Execute ***
// Launch: 1 / 1
// Execute: dotnet "EricksonLopez.Resilience.Benchmarks-.NET 8.0-2.dll" --anonymousPipes 151 156 --benchmarkName EricksonLopez.Resilience.Benchmarks.CircuitBreakerBenchmarks.ClosedCircuitHealthyExecution --job ".NET 8.0" --benchmarkId 0 in /home/runner/work/dotnet-resilience/dotnet-resilience/benchmarks/EricksonLopez.Resilience.Benchmarks/bin/Release/net10.0/EricksonLopez.Resilience.Benchmarks-.NET 8.0-2/bin/Release/net8.0
// Failed to set up high priority (Permission denied). In order to run benchmarks with high priority, make sure you have the right permissions.
// BeforeAnythingElse

// Benchmark Process Environment Information:
// BenchmarkDotNet v0.15.8
// Runtime=.NET 8.0.31 (8.0.31, 8.0.3126.42015), X64 RyuJIT x86-64-v4
// GC=Concurrent Workstation
// HardwareIntrinsics=AVX512 IFMA+VBMI,AVX512 F+BW+CD+DQ+VL,AVX2+BMI1+BMI2+F16C+FMA+LZCNT+MOVBE,AVX,SSE3+SSSE3+SSE4.1+SSE4.2+POPCNT,X86Base+SSE+SSE2,AES+PCLMUL VectorSize=256
// Job: .NET 8.0

OverheadJitting  1: 1 op, 208023.00 ns, 208.0230 us/op
WorkloadJitting  1: 1 op, 36997883.00 ns, 36.9979 ms/op

WorkloadPilot    1: 2 op, 77517.00 ns, 38.7585 us/op
WorkloadPilot    2: 3 op, 22964.00 ns, 7.6547 us/op
WorkloadPilot    3: 4 op, 19839.00 ns, 4.9598 us/op
WorkloadPilot    4: 5 op, 21312.00 ns, 4.2624 us/op
WorkloadPilot    5: 6 op, 24877.00 ns, 4.1462 us/op
WorkloadPilot    6: 7 op, 28052.00 ns, 4.0074 us/op
WorkloadPilot    7: 8 op, 26940.00 ns, 3.3675 us/op
WorkloadPilot    8: 9 op, 28083.00 ns, 3.1203 us/op
WorkloadPilot    9: 10 op, 31247.00 ns, 3.1247 us/op
WorkloadPilot   10: 11 op, 32639.00 ns, 2.9672 us/op
WorkloadPilot   11: 12 op, 34451.00 ns, 2.8709 us/op
WorkloadPilot   12: 13 op, 35523.00 ns, 2.7325 us/op
WorkloadPilot   13: 14 op, 37897.00 ns, 2.7069 us/op
WorkloadPilot   14: 15 op, 40451.00 ns, 2.6967 us/op
WorkloadPilot   15: 16 op, 41342.00 ns, 2.5839 us/op
WorkloadPilot   16: 32 op, 82885.00 ns, 2.5902 us/op
WorkloadPilot   17: 64 op, 154022.00 ns, 2.4066 us/op
WorkloadPilot   18: 128 op, 280852.00 ns, 2.1942 us/op
WorkloadPilot   19: 256 op, 523406.00 ns, 2.0446 us/op
WorkloadPilot   20: 512 op, 1037750.00 ns, 2.0269 us/op
WorkloadPilot   21: 1024 op, 2059145.00 ns, 2.0109 us/op
WorkloadPilot   22: 2048 op, 4000844.00 ns, 1.9535 us/op
WorkloadPilot   23: 4096 op, 8017381.00 ns, 1.9574 us/op
WorkloadPilot   24: 8192 op, 16261944.00 ns, 1.9851 us/op
WorkloadPilot   25: 16384 op, 32338549.00 ns, 1.9738 us/op
WorkloadPilot   26: 32768 op, 64373012.00 ns, 1.9645 us/op
WorkloadPilot   27: 65536 op, 105255513.00 ns, 1.6061 us/op
WorkloadPilot   28: 131072 op, 74199322.00 ns, 566.0959 ns/op
WorkloadPilot   29: 262144 op, 140218708.00 ns, 534.8919 ns/op
WorkloadPilot   30: 524288 op, 275046012.00 ns, 524.6086 ns/op
WorkloadPilot   31: 1048576 op, 550159055.00 ns, 524.6726 ns/op

WorkloadWarmup   1: 1048576 op, 550611976.00 ns, 525.1045 ns/op
WorkloadWarmup   2: 1048576 op, 553966198.00 ns, 528.3033 ns/op
WorkloadWarmup   3: 1048576 op, 552540184.00 ns, 526.9434 ns/op
WorkloadWarmup   4: 1048576 op, 553261761.00 ns, 527.6315 ns/op
WorkloadWarmup   5: 1048576 op, 552818550.00 ns, 527.2089 ns/op
WorkloadWarmup   6: 1048576 op, 552232980.00 ns, 526.6504 ns/op

// BeforeActualRun
WorkloadActual   1: 1048576 op, 550854458.00 ns, 525.3357 ns/op
WorkloadActual   2: 1048576 op, 552227382.00 ns, 526.6451 ns/op
WorkloadActual   3: 1048576 op, 551358586.00 ns, 525.8165 ns/op
WorkloadActual   4: 1048576 op, 553220564.00 ns, 527.5922 ns/op
WorkloadActual   5: 1048576 op, 554381089.00 ns, 528.6990 ns/op
WorkloadActual   6: 1048576 op, 553657030.00 ns, 528.0085 ns/op
WorkloadActual   7: 1048576 op, 551175440.00 ns, 525.6419 ns/op
WorkloadActual   8: 1048576 op, 552491268.00 ns, 526.8967 ns/op
WorkloadActual   9: 1048576 op, 551874952.00 ns, 526.3090 ns/op
WorkloadActual  10: 1048576 op, 551658907.00 ns, 526.1029 ns/op
WorkloadActual  11: 1048576 op, 550827007.00 ns, 525.3096 ns/op
WorkloadActual  12: 1048576 op, 550936452.00 ns, 525.4139 ns/op
WorkloadActual  13: 1048576 op, 550574536.00 ns, 525.0688 ns/op
WorkloadActual  14: 1048576 op, 550127757.00 ns, 524.6427 ns/op
WorkloadActual  15: 1048576 op, 551082722.00 ns, 525.5534 ns/op

// AfterActualRun
WorkloadResult   1: 1048576 op, 550854458.00 ns, 525.3357 ns/op
WorkloadResult   2: 1048576 op, 552227382.00 ns, 526.6451 ns/op
WorkloadResult   3: 1048576 op, 551358586.00 ns, 525.8165 ns/op
WorkloadResult   4: 1048576 op, 553220564.00 ns, 527.5922 ns/op
WorkloadResult   5: 1048576 op, 554381089.00 ns, 528.6990 ns/op
WorkloadResult   6: 1048576 op, 553657030.00 ns, 528.0085 ns/op
WorkloadResult   7: 1048576 op, 551175440.00 ns, 525.6419 ns/op
WorkloadResult   8: 1048576 op, 552491268.00 ns, 526.8967 ns/op
WorkloadResult   9: 1048576 op, 551874952.00 ns, 526.3090 ns/op
WorkloadResult  10: 1048576 op, 551658907.00 ns, 526.1029 ns/op
WorkloadResult  11: 1048576 op, 550827007.00 ns, 525.3096 ns/op
WorkloadResult  12: 1048576 op, 550936452.00 ns, 525.4139 ns/op
WorkloadResult  13: 1048576 op, 550574536.00 ns, 525.0688 ns/op
WorkloadResult  14: 1048576 op, 550127757.00 ns, 524.6427 ns/op
WorkloadResult  15: 1048576 op, 551082722.00 ns, 525.5534 ns/op
// GC:  10 0 0 176160808 1048576
// Threading:  0 0 1048576

// AfterAll
// Benchmark Process 4079 has exited with code 0.

Mean = 526.202 ns, StdErr = 0.300 ns (0.06%), N = 15, StdDev = 1.162 ns
Min = 524.643 ns, Q1 = 525.375 ns, Median = 525.817 ns, Q3 = 526.771 ns, Max = 528.699 ns
IQR = 1.396 ns, LowerFence = 523.281 ns, UpperFence = 528.865 ns
ConfidenceInterval = [524.960 ns; 527.444 ns] (CI 99.9%), Margin = 1.242 ns (0.24% of Mean)
Skewness = 0.72, Kurtosis = 2.3, MValue = 2

// ** Remained 19 (90.5 %) benchmark(s) to run. Estimated finish 2026-09-27 7:26 (0h 5m from now) **
// **************************
// Benchmark: CircuitBreakerBenchmarks.ClosedCircuitHealthyExecution: .NET 9.0(Runtime=.NET 9.0, Toolchain=net9.0)
// *** Execute ***
// Launch: 1 / 1
// Execute: dotnet "EricksonLopez.Resilience.Benchmarks-.NET 9.0-3.dll" --anonymousPipes 151 156 --benchmarkName EricksonLopez.Resilience.Benchmarks.CircuitBreakerBenchmarks.ClosedCircuitHealthyExecution --job ".NET 9.0" --benchmarkId 0 in /home/runner/work/dotnet-resilience/dotnet-resilience/benchmarks/EricksonLopez.Resilience.Benchmarks/bin/Release/net10.0/EricksonLopez.Resilience.Benchmarks-.NET 9.0-3/bin/Release/net9.0
// Failed to set up high priority (Permission denied). In order to run benchmarks with high priority, make sure you have the right permissions.
// BeforeAnythingElse

// Benchmark Process Environment Information:
// BenchmarkDotNet v0.15.8
// Runtime=.NET 9.0.20 (9.0.20, 9.0.2026.41315), X64 RyuJIT x86-64-v4
// GC=Concurrent Workstation
// HardwareIntrinsics=AVX512 IFMA+VBMI,AVX512 F+BW+CD+DQ+VL,AVX2+BMI1+BMI2+F16C+FMA+LZCNT+MOVBE,AVX,SSE3+SSSE3+SSE4.1+SSE4.2+POPCNT,X86Base+SSE+SSE2,AES+PCLMUL VectorSize=256
// Job: .NET 9.0

OverheadJitting  1: 1 op, 165639.00 ns, 165.6390 us/op
WorkloadJitting  1: 1 op, 25012982.00 ns, 25.0130 ms/op

OverheadJitting  2: 16 op, 290476.00 ns, 18.1548 us/op
WorkloadJitting  2: 16 op, 359411.00 ns, 22.4632 us/op

WorkloadPilot    1: 16 op, 44467.00 ns, 2.7792 us/op
WorkloadPilot    2: 32 op, 80350.00 ns, 2.5109 us/op
WorkloadPilot    3: 64 op, 136255.00 ns, 2.1290 us/op
WorkloadPilot    4: 128 op, 283576.00 ns, 2.2154 us/op
WorkloadPilot    5: 256 op, 531329.00 ns, 2.0755 us/op
WorkloadPilot    6: 512 op, 1037830.00 ns, 2.0270 us/op
WorkloadPilot    7: 1024 op, 2051914.00 ns, 2.0038 us/op
WorkloadPilot    8: 2048 op, 4056517.00 ns, 1.9807 us/op
WorkloadPilot    9: 4096 op, 8143018.00 ns, 1.9880 us/op
WorkloadPilot   10: 8192 op, 16330052.00 ns, 1.9934 us/op
WorkloadPilot   11: 16384 op, 32365552.00 ns, 1.9754 us/op
WorkloadPilot   12: 32768 op, 68117091.00 ns, 2.0788 us/op
WorkloadPilot   13: 65536 op, 99645276.00 ns, 1.5205 us/op
WorkloadPilot   14: 131072 op, 57799045.00 ns, 440.9717 ns/op
WorkloadPilot   15: 262144 op, 105203058.00 ns, 401.3178 ns/op
WorkloadPilot   16: 524288 op, 208990027.00 ns, 398.6168 ns/op
WorkloadPilot   17: 1048576 op, 419713209.00 ns, 400.2697 ns/op
WorkloadPilot   18: 2097152 op, 833347152.00 ns, 397.3709 ns/op

OverheadWarmup   1: 2097152 op, 4241926.00 ns, 2.0227 ns/op
OverheadWarmup   2: 2097152 op, 4239461.00 ns, 2.0215 ns/op
OverheadWarmup   3: 2097152 op, 4233722.00 ns, 2.0188 ns/op
OverheadWarmup   4: 2097152 op, 4282977.00 ns, 2.0423 ns/op
OverheadWarmup   5: 2097152 op, 4229997.00 ns, 2.0170 ns/op
OverheadWarmup   6: 2097152 op, 4232582.00 ns, 2.0183 ns/op
OverheadWarmup   7: 2097152 op, 4230318.00 ns, 2.0172 ns/op

OverheadActual   1: 2097152 op, 4248715.00 ns, 2.0259 ns/op
OverheadActual   2: 2097152 op, 4242466.00 ns, 2.0230 ns/op
OverheadActual   3: 2097152 op, 4227945.00 ns, 2.0160 ns/op
OverheadActual   4: 2097152 op, 4226942.00 ns, 2.0156 ns/op
OverheadActual   5: 2097152 op, 4248375.00 ns, 2.0258 ns/op
OverheadActual   6: 2097152 op, 4231179.00 ns, 2.0176 ns/op
OverheadActual   7: 2097152 op, 4227574.00 ns, 2.0159 ns/op
OverheadActual   8: 2097152 op, 4233192.00 ns, 2.0185 ns/op
OverheadActual   9: 2097152 op, 4231199.00 ns, 2.0176 ns/op
OverheadActual  10: 2097152 op, 4231660.00 ns, 2.0178 ns/op
OverheadActual  11: 2097152 op, 4231240.00 ns, 2.0176 ns/op
OverheadActual  12: 2097152 op, 4237869.00 ns, 2.0208 ns/op
OverheadActual  13: 2097152 op, 4228054.00 ns, 2.0161 ns/op
OverheadActual  14: 2097152 op, 4230989.00 ns, 2.0175 ns/op
OverheadActual  15: 2097152 op, 4229176.00 ns, 2.0166 ns/op

WorkloadWarmup   1: 2097152 op, 840417348.00 ns, 400.7422 ns/op
WorkloadWarmup   2: 2097152 op, 842351450.00 ns, 401.6645 ns/op
WorkloadWarmup   3: 2097152 op, 836056620.00 ns, 398.6629 ns/op
WorkloadWarmup   4: 2097152 op, 832284330.00 ns, 396.8641 ns/op
WorkloadWarmup   5: 2097152 op, 839618304.00 ns, 400.3612 ns/op
WorkloadWarmup   6: 2097152 op, 833024323.00 ns, 397.2170 ns/op

// BeforeActualRun
WorkloadActual   1: 2097152 op, 836745245.00 ns, 398.9912 ns/op
WorkloadActual   2: 2097152 op, 869165640.00 ns, 414.4505 ns/op
WorkloadActual   3: 2097152 op, 835811552.00 ns, 398.5460 ns/op
WorkloadActual   4: 2097152 op, 842912205.00 ns, 401.9319 ns/op
WorkloadActual   5: 2097152 op, 840904658.00 ns, 400.9746 ns/op
WorkloadActual   6: 2097152 op, 839500225.00 ns, 400.3049 ns/op
WorkloadActual   7: 2097152 op, 836905374.00 ns, 399.0676 ns/op
WorkloadActual   8: 2097152 op, 838590057.00 ns, 399.8709 ns/op
WorkloadActual   9: 2097152 op, 837649412.00 ns, 399.4224 ns/op
WorkloadActual  10: 2097152 op, 842523870.00 ns, 401.7467 ns/op
WorkloadActual  11: 2097152 op, 837192717.00 ns, 399.2046 ns/op
WorkloadActual  12: 2097152 op, 835543687.00 ns, 398.4183 ns/op
WorkloadActual  13: 2097152 op, 835582065.00 ns, 398.4366 ns/op
WorkloadActual  14: 2097152 op, 836652615.00 ns, 398.9471 ns/op
WorkloadActual  15: 2097152 op, 837553777.00 ns, 399.3768 ns/op

// AfterActualRun
WorkloadResult   1: 2097152 op, 832514046.00 ns, 396.9736 ns/op
WorkloadResult   2: 2097152 op, 831580353.00 ns, 396.5284 ns/op
WorkloadResult   3: 2097152 op, 838681006.00 ns, 399.9143 ns/op
WorkloadResult   4: 2097152 op, 836673459.00 ns, 398.9570 ns/op
WorkloadResult   5: 2097152 op, 835269026.00 ns, 398.2873 ns/op
WorkloadResult   6: 2097152 op, 832674175.00 ns, 397.0500 ns/op
WorkloadResult   7: 2097152 op, 834358858.00 ns, 397.8533 ns/op
WorkloadResult   8: 2097152 op, 833418213.00 ns, 397.4048 ns/op
WorkloadResult   9: 2097152 op, 838292671.00 ns, 399.7291 ns/op
WorkloadResult  10: 2097152 op, 832961518.00 ns, 397.1870 ns/op
WorkloadResult  11: 2097152 op, 831312488.00 ns, 396.4007 ns/op
WorkloadResult  12: 2097152 op, 831350866.00 ns, 396.4190 ns/op
WorkloadResult  13: 2097152 op, 832421416.00 ns, 396.9295 ns/op
WorkloadResult  14: 2097152 op, 833322578.00 ns, 397.3592 ns/op
// GC:  21 0 0 352321576 2097152
// Threading:  0 0 2097152

// AfterAll
// Benchmark Process 4094 has exited with code 0.

Mean = 397.642 ns, StdErr = 0.311 ns (0.08%), N = 14, StdDev = 1.165 ns
Min = 396.401 ns, Q1 = 396.941 ns, Median = 397.273 ns, Q3 = 398.179 ns, Max = 399.914 ns
IQR = 1.238 ns, LowerFence = 395.083 ns, UpperFence = 400.036 ns
ConfidenceInterval = [396.329 ns; 398.956 ns] (CI 99.9%), Margin = 1.314 ns (0.33% of Mean)
Skewness = 0.78, Kurtosis = 2.16, MValue = 2

// ** Remained 18 (85.7 %) benchmark(s) to run. Estimated finish 2026-09-27 7:27 (0h 5m from now) **
// ***** BenchmarkRunner: Finish  *****

// * Export *
  benchmarks/results/results/EricksonLopez.Resilience.Benchmarks.CircuitBreakerBenchmarks-report.csv
  benchmarks/results/results/EricksonLopez.Resilience.Benchmarks.CircuitBreakerBenchmarks-report-github.md
  benchmarks/results/results/EricksonLopez.Resilience.Benchmarks.CircuitBreakerBenchmarks-report.html
  benchmarks/results/results/EricksonLopez.Resilience.Benchmarks.CircuitBreakerBenchmarks-report-full-compressed.json
  benchmarks/results/results/EricksonLopez.Resilience.Benchmarks.CircuitBreakerBenchmarks-report-default.md

// * Detailed results *
CircuitBreakerBenchmarks.ClosedCircuitHealthyExecution: .NET 10.0(Runtime=.NET 10.0, Toolchain=net10.0)
Runtime = .NET 10.0.12 (10.0.12, 10.0.1226.42308), X64 RyuJIT x86-64-v4; GC = Concurrent Workstation
Mean = 335.165 ns, StdErr = 0.156 ns (0.05%), N = 12, StdDev = 0.539 ns
Min = 334.309 ns, Q1 = 334.657 ns, Median = 335.351 ns, Q3 = 335.624 ns, Max = 335.799 ns
IQR = 0.967 ns, LowerFence = 333.206 ns, UpperFence = 337.075 ns
ConfidenceInterval = [334.475 ns; 335.855 ns] (CI 99.9%), Margin = 0.690 ns (0.21% of Mean)
Skewness = -0.29, Kurtosis = 1.3, MValue = 2
-------------------- Histogram --------------------
[334.000 ns ; 336.108 ns) | @@@@@@@@@@@@
---------------------------------------------------

CircuitBreakerBenchmarks.ClosedCircuitHealthyExecution: .NET 9.0(Runtime=.NET 9.0, Toolchain=net9.0)
Runtime = .NET 9.0.20 (9.0.20, 9.0.2026.41315), X64 RyuJIT x86-64-v4; GC = Concurrent Workstation
Mean = 397.642 ns, StdErr = 0.311 ns (0.08%), N = 14, StdDev = 1.165 ns
Min = 396.401 ns, Q1 = 396.941 ns, Median = 397.273 ns, Q3 = 398.179 ns, Max = 399.914 ns
IQR = 1.238 ns, LowerFence = 395.083 ns, UpperFence = 400.036 ns
ConfidenceInterval = [396.329 ns; 398.956 ns] (CI 99.9%), Margin = 1.314 ns (0.33% of Mean)
Skewness = 0.78, Kurtosis = 2.16, MValue = 2
-------------------- Histogram --------------------
[395.766 ns ; 400.549 ns) | @@@@@@@@@@@@@@
---------------------------------------------------

CircuitBreakerBenchmarks.ClosedCircuitHealthyExecution: .NET 8.0(Runtime=.NET 8.0, Toolchain=net8.0)
Runtime = .NET 8.0.31 (8.0.31, 8.0.3126.42015), X64 RyuJIT x86-64-v4; GC = Concurrent Workstation
Mean = 526.202 ns, StdErr = 0.300 ns (0.06%), N = 15, StdDev = 1.162 ns
Min = 524.643 ns, Q1 = 525.375 ns, Median = 525.817 ns, Q3 = 526.771 ns, Max = 528.699 ns
IQR = 1.396 ns, LowerFence = 523.281 ns, UpperFence = 528.865 ns
ConfidenceInterval = [524.960 ns; 527.444 ns] (CI 99.9%), Margin = 1.242 ns (0.24% of Mean)
Skewness = 0.72, Kurtosis = 2.3, MValue = 2
-------------------- Histogram --------------------
[524.024 ns ; 529.317 ns) | @@@@@@@@@@@@@@@
---------------------------------------------------

// * Summary *

BenchmarkDotNet v0.15.8, Linux Ubuntu 24.04.5 LTS (Noble Numbat)
AMD EPYC 9V74 3.70GHz, 1 CPU, 4 logical and 2 physical cores
.NET SDK 10.0.401
  [Host]    : .NET 10.0.12 (10.0.12, 10.0.1226.42308), X64 RyuJIT x86-64-v4
  .NET 10.0 : .NET 10.0.12 (10.0.12, 10.0.1226.42308), X64 RyuJIT x86-64-v4
  .NET 9.0  : .NET 9.0.20 (9.0.20, 9.0.2026.41315), X64 RyuJIT x86-64-v4
  .NET 8.0  : .NET 8.0.31 (8.0.31, 8.0.3126.42015), X64 RyuJIT x86-64-v4


| Method                        | Job       | Runtime   | Mean     | Error   | StdDev  | Ratio | Gen0   | Allocated | Alloc Ratio |
|------------------------------ |---------- |---------- |---------:|--------:|--------:|------:|-------:|----------:|------------:|
| ClosedCircuitHealthyExecution | .NET 10.0 | .NET 10.0 | 335.2 ns | 0.69 ns | 0.54 ns |  0.64 | 0.0100 |     168 B |        1.00 |
| ClosedCircuitHealthyExecution | .NET 9.0  | .NET 9.0  | 397.6 ns | 1.31 ns | 1.16 ns |  0.76 | 0.0100 |     168 B |        1.00 |
| ClosedCircuitHealthyExecution | .NET 8.0  | .NET 8.0  | 526.2 ns | 1.24 ns | 1.16 ns |  1.00 | 0.0095 |     168 B |        1.00 |

// * Hints *
Outliers
  CircuitBreakerBenchmarks.ClosedCircuitHealthyExecution: .NET 10.0 -> 3 outliers were removed (339.78 ns..341.04 ns)
  CircuitBreakerBenchmarks.ClosedCircuitHealthyExecution: .NET 9.0  -> 1 outlier  was  removed (414.45 ns)

// * Legends *
  Mean        : Arithmetic mean of all measurements
  Error       : Half of 99.9% confidence interval
  StdDev      : Standard deviation of all measurements
  Ratio       : Mean of the ratio distribution ([Current]/[Baseline])
  Gen0        : GC Generation 0 collects per 1000 operations
  Allocated   : Allocated memory per single operation (managed only, inclusive, 1KB = 1024B)
  Alloc Ratio : Allocated memory ratio distribution ([Current]/[Baseline])
  1 ns        : 1 Nanosecond (0.000000001 sec)

// * Diagnostic Output - MemoryDiagnoser *


// ***** BenchmarkRunner: End *****
Run time: 00:00:58 (58.17 sec), executed benchmarks: 3

// Found 3 benchmarks:
//   RateLimiterBenchmarks.PermittedExecution: .NET 10.0(Runtime=.NET 10.0, Toolchain=net10.0)
//   RateLimiterBenchmarks.PermittedExecution: .NET 8.0(Runtime=.NET 8.0, Toolchain=net8.0)
//   RateLimiterBenchmarks.PermittedExecution: .NET 9.0(Runtime=.NET 9.0, Toolchain=net9.0)

// **************************
// Benchmark: RateLimiterBenchmarks.PermittedExecution: .NET 10.0(Runtime=.NET 10.0, Toolchain=net10.0)
// *** Execute ***
// Launch: 1 / 1
// Execute: dotnet "EricksonLopez.Resilience.Benchmarks-.NET 10.0-1.dll" --anonymousPipes 161 162 --benchmarkName EricksonLopez.Resilience.Benchmarks.RateLimiterBenchmarks.PermittedExecution --job ".NET 10.0" --benchmarkId 1 in /home/runner/work/dotnet-resilience/dotnet-resilience/benchmarks/EricksonLopez.Resilience.Benchmarks/bin/Release/net10.0/EricksonLopez.Resilience.Benchmarks-.NET 10.0-1/bin/Release/net10.0
// Failed to set up high priority (Permission denied). In order to run benchmarks with high priority, make sure you have the right permissions.
// BeforeAnythingElse

// Benchmark Process Environment Information:
// BenchmarkDotNet v0.15.8
// Runtime=.NET 10.0.12 (10.0.12, 10.0.1226.42308), X64 RyuJIT x86-64-v4
// GC=Concurrent Workstation
// HardwareIntrinsics=AVX512 BITALG+VBMI2+VNNI+VPOPCNTDQ,AVX512 IFMA+VBMI,AVX512 F+BW+CD+DQ+VL,AVX2+BMI1+BMI2+F16C+FMA+LZCNT+MOVBE,AVX,SSE3+SSSE3+SSE4.1+SSE4.2+POPCNT,X86Base+SSE+SSE2,AES+PCLMUL VectorSize=256
// Job: .NET 10.0

OverheadJitting  1: 1 op, 182144.00 ns, 182.1440 us/op
WorkloadJitting  1: 1 op, 11033099.00 ns, 11.0331 ms/op

OverheadJitting  2: 16 op, 353280.00 ns, 22.0800 us/op
WorkloadJitting  2: 16 op, 378890.00 ns, 23.6806 us/op

WorkloadPilot    1: 16 op, 41863.00 ns, 2.6164 us/op
WorkloadPilot    2: 32 op, 68302.00 ns, 2.1344 us/op
WorkloadPilot    3: 64 op, 108053.00 ns, 1.6883 us/op
WorkloadPilot    4: 128 op, 217176.00 ns, 1.6967 us/op
WorkloadPilot    5: 256 op, 401243.00 ns, 1.5674 us/op
WorkloadPilot    6: 512 op, 759602.00 ns, 1.4836 us/op
WorkloadPilot    7: 1024 op, 1741437.00 ns, 1.7006 us/op
WorkloadPilot    8: 2048 op, 3053758.00 ns, 1.4911 us/op
WorkloadPilot    9: 4096 op, 6001148.00 ns, 1.4651 us/op
WorkloadPilot   10: 8192 op, 12365171.00 ns, 1.5094 us/op
WorkloadPilot   11: 16384 op, 24102228.00 ns, 1.4711 us/op
WorkloadPilot   12: 32768 op, 51814190.00 ns, 1.5812 us/op
WorkloadPilot   13: 65536 op, 98603548.00 ns, 1.5046 us/op
WorkloadPilot   14: 131072 op, 110454316.00 ns, 842.6996 ns/op
WorkloadPilot   15: 262144 op, 98464120.00 ns, 375.6108 ns/op
WorkloadPilot   16: 524288 op, 145286428.00 ns, 277.1119 ns/op
WorkloadPilot   17: 1048576 op, 291723185.00 ns, 278.2089 ns/op
WorkloadPilot   18: 2097152 op, 578664083.00 ns, 275.9285 ns/op

OverheadWarmup   1: 2097152 op, 4233591.00 ns, 2.0187 ns/op
OverheadWarmup   2: 2097152 op, 4227001.00 ns, 2.0156 ns/op
OverheadWarmup   3: 2097152 op, 4235104.00 ns, 2.0195 ns/op
OverheadWarmup   4: 2097152 op, 4232410.00 ns, 2.0182 ns/op
OverheadWarmup   5: 2097152 op, 4245310.00 ns, 2.0243 ns/op
OverheadWarmup   6: 2097152 op, 4225058.00 ns, 2.0147 ns/op

OverheadActual   1: 2097152 op, 4237317.00 ns, 2.0205 ns/op
OverheadActual   2: 2097152 op, 4229135.00 ns, 2.0166 ns/op
OverheadActual   3: 2097152 op, 4232259.00 ns, 2.0181 ns/op
OverheadActual   4: 2097152 op, 4230247.00 ns, 2.0171 ns/op
OverheadActual   5: 2097152 op, 4233060.00 ns, 2.0185 ns/op
OverheadActual   6: 2097152 op, 4226721.00 ns, 2.0155 ns/op
OverheadActual   7: 2097152 op, 4228224.00 ns, 2.0162 ns/op
OverheadActual   8: 2097152 op, 4243216.00 ns, 2.0233 ns/op
OverheadActual   9: 2097152 op, 4356767.00 ns, 2.0775 ns/op
OverheadActual  10: 2097152 op, 4233441.00 ns, 2.0187 ns/op
OverheadActual  11: 2097152 op, 4243828.00 ns, 2.0236 ns/op
OverheadActual  12: 2097152 op, 4281003.00 ns, 2.0413 ns/op
OverheadActual  13: 2097152 op, 4228734.00 ns, 2.0164 ns/op
OverheadActual  14: 2097152 op, 4231699.00 ns, 2.0178 ns/op
OverheadActual  15: 2097152 op, 4229586.00 ns, 2.0168 ns/op

WorkloadWarmup   1: 2097152 op, 586158505.00 ns, 279.5022 ns/op
WorkloadWarmup   2: 2097152 op, 586574570.00 ns, 279.7006 ns/op
WorkloadWarmup   3: 2097152 op, 582379005.00 ns, 277.6999 ns/op
WorkloadWarmup   4: 2097152 op, 577446182.00 ns, 275.3478 ns/op
WorkloadWarmup   5: 2097152 op, 577125170.00 ns, 275.1947 ns/op
WorkloadWarmup   6: 2097152 op, 580703527.00 ns, 276.9010 ns/op
WorkloadWarmup   7: 2097152 op, 578787788.00 ns, 275.9875 ns/op

// BeforeActualRun
WorkloadActual   1: 2097152 op, 581558256.00 ns, 277.3086 ns/op
WorkloadActual   2: 2097152 op, 578461344.00 ns, 275.8319 ns/op
WorkloadActual   3: 2097152 op, 577062321.00 ns, 275.1648 ns/op
WorkloadActual   4: 2097152 op, 575805171.00 ns, 274.5653 ns/op
WorkloadActual   5: 2097152 op, 574179077.00 ns, 273.7899 ns/op
WorkloadActual   6: 2097152 op, 577569573.00 ns, 275.4066 ns/op
WorkloadActual   7: 2097152 op, 577987412.00 ns, 275.6059 ns/op
WorkloadActual   8: 2097152 op, 577987712.00 ns, 275.6060 ns/op
WorkloadActual   9: 2097152 op, 585716870.00 ns, 279.2916 ns/op
WorkloadActual  10: 2097152 op, 578044307.00 ns, 275.6330 ns/op
WorkloadActual  11: 2097152 op, 575859343.00 ns, 274.5911 ns/op
WorkloadActual  12: 2097152 op, 579991184.00 ns, 276.5613 ns/op
WorkloadActual  13: 2097152 op, 574055541.00 ns, 273.7310 ns/op
WorkloadActual  14: 2097152 op, 577031415.00 ns, 275.1500 ns/op
WorkloadActual  15: 2097152 op, 576066501.00 ns, 274.6899 ns/op

// AfterActualRun
WorkloadResult   1: 2097152 op, 577325997.00 ns, 275.2905 ns/op
WorkloadResult   2: 2097152 op, 574229085.00 ns, 273.8138 ns/op
WorkloadResult   3: 2097152 op, 572830062.00 ns, 273.1467 ns/op
WorkloadResult   4: 2097152 op, 571572912.00 ns, 272.5472 ns/op
WorkloadResult   5: 2097152 op, 569946818.00 ns, 271.7718 ns/op
WorkloadResult   6: 2097152 op, 573337314.00 ns, 273.3885 ns/op
WorkloadResult   7: 2097152 op, 573755153.00 ns, 273.5878 ns/op
WorkloadResult   8: 2097152 op, 573755453.00 ns, 273.5879 ns/op
WorkloadResult   9: 2097152 op, 573812048.00 ns, 273.6149 ns/op
WorkloadResult  10: 2097152 op, 571627084.00 ns, 272.5730 ns/op
WorkloadResult  11: 2097152 op, 575758925.00 ns, 274.5432 ns/op
WorkloadResult  12: 2097152 op, 569823282.00 ns, 271.7129 ns/op
WorkloadResult  13: 2097152 op, 572799156.00 ns, 273.1319 ns/op
WorkloadResult  14: 2097152 op, 571834242.00 ns, 272.6718 ns/op
// GC:  23 0 0 385875968 2097152
// Threading:  0 0 2097152

// AfterAll
// Benchmark Process 4119 has exited with code 0.

Mean = 273.242 ns, StdErr = 0.261 ns (0.10%), N = 14, StdDev = 0.976 ns
Min = 271.713 ns, Q1 = 272.598 ns, Median = 273.268 ns, Q3 = 273.608 ns, Max = 275.290 ns
IQR = 1.010 ns, LowerFence = 271.082 ns, UpperFence = 275.124 ns
ConfidenceInterval = [272.140 ns; 274.343 ns] (CI 99.9%), Margin = 1.101 ns (0.40% of Mean)
Skewness = 0.27, Kurtosis = 2.46, MValue = 2

// ** Remained 17 (81.0 %) benchmark(s) to run. Estimated finish 2026-09-27 7:26 (0h 5m from now) **
// **************************
// Benchmark: RateLimiterBenchmarks.PermittedExecution: .NET 8.0(Runtime=.NET 8.0, Toolchain=net8.0)
// *** Execute ***
// Launch: 1 / 1
// Execute: dotnet "EricksonLopez.Resilience.Benchmarks-.NET 8.0-2.dll" --anonymousPipes 161 162 --benchmarkName EricksonLopez.Resilience.Benchmarks.RateLimiterBenchmarks.PermittedExecution --job ".NET 8.0" --benchmarkId 1 in /home/runner/work/dotnet-resilience/dotnet-resilience/benchmarks/EricksonLopez.Resilience.Benchmarks/bin/Release/net10.0/EricksonLopez.Resilience.Benchmarks-.NET 8.0-2/bin/Release/net8.0
// Failed to set up high priority (Permission denied). In order to run benchmarks with high priority, make sure you have the right permissions.
// BeforeAnythingElse

// Benchmark Process Environment Information:
// BenchmarkDotNet v0.15.8
// Runtime=.NET 8.0.31 (8.0.31, 8.0.3126.42015), X64 RyuJIT x86-64-v4
// GC=Concurrent Workstation
// HardwareIntrinsics=AVX512 IFMA+VBMI,AVX512 F+BW+CD+DQ+VL,AVX2+BMI1+BMI2+F16C+FMA+LZCNT+MOVBE,AVX,SSE3+SSSE3+SSE4.1+SSE4.2+POPCNT,X86Base+SSE+SSE2,AES+PCLMUL VectorSize=256
// Job: .NET 8.0

OverheadJitting  1: 1 op, 138889.00 ns, 138.8890 us/op
WorkloadJitting  1: 1 op, 10041601.00 ns, 10.0416 ms/op

OverheadJitting  2: 16 op, 270397.00 ns, 16.8998 us/op
WorkloadJitting  2: 16 op, 365309.00 ns, 22.8318 us/op

WorkloadPilot    1: 16 op, 45959.00 ns, 2.8724 us/op
WorkloadPilot    2: 32 op, 71177.00 ns, 2.2243 us/op
WorkloadPilot    3: 64 op, 114291.00 ns, 1.7858 us/op
WorkloadPilot    4: 128 op, 210527.00 ns, 1.6447 us/op
WorkloadPilot    5: 256 op, 403567.00 ns, 1.5764 us/op
WorkloadPilot    6: 512 op, 776687.00 ns, 1.5170 us/op
WorkloadPilot    7: 1024 op, 1552673.00 ns, 1.5163 us/op
WorkloadPilot    8: 2048 op, 2990014.00 ns, 1.4600 us/op
WorkloadPilot    9: 4096 op, 6053128.00 ns, 1.4778 us/op
WorkloadPilot   10: 8192 op, 12935731.00 ns, 1.5791 us/op
WorkloadPilot   11: 16384 op, 25183388.00 ns, 1.5371 us/op
WorkloadPilot   12: 32768 op, 53648469.00 ns, 1.6372 us/op
WorkloadPilot   13: 65536 op, 110432110.00 ns, 1.6851 us/op
WorkloadPilot   14: 131072 op, 63908499.00 ns, 487.5832 ns/op
WorkloadPilot   15: 262144 op, 103754124.00 ns, 395.7906 ns/op
WorkloadPilot   16: 524288 op, 204740308.00 ns, 390.5111 ns/op
WorkloadPilot   17: 1048576 op, 406718375.00 ns, 387.8769 ns/op
WorkloadPilot   18: 2097152 op, 811627740.00 ns, 387.0143 ns/op

OverheadWarmup   1: 2097152 op, 4810019.00 ns, 2.2936 ns/op
OverheadWarmup   2: 2097152 op, 4826594.00 ns, 2.3015 ns/op
OverheadWarmup   3: 2097152 op, 4811461.00 ns, 2.2943 ns/op
OverheadWarmup   4: 2097152 op, 4798802.00 ns, 2.2882 ns/op
OverheadWarmup   5: 2097152 op, 4794937.00 ns, 2.2864 ns/op
OverheadWarmup   6: 2097152 op, 4801817.00 ns, 2.2897 ns/op
OverheadWarmup   7: 2097152 op, 4809478.00 ns, 2.2933 ns/op
OverheadWarmup   8: 2097152 op, 4798141.00 ns, 2.2879 ns/op

OverheadActual   1: 2097152 op, 4806894.00 ns, 2.2921 ns/op
OverheadActual   2: 2097152 op, 4809478.00 ns, 2.2933 ns/op
OverheadActual   3: 2097152 op, 4809057.00 ns, 2.2931 ns/op
OverheadActual   4: 2097152 op, 4800905.00 ns, 2.2892 ns/op
OverheadActual   5: 2097152 op, 4806654.00 ns, 2.2920 ns/op
OverheadActual   6: 2097152 op, 4804561.00 ns, 2.2910 ns/op
OverheadActual   7: 2097152 op, 4799564.00 ns, 2.2886 ns/op
OverheadActual   8: 2097152 op, 4795277.00 ns, 2.2866 ns/op
OverheadActual   9: 2097152 op, 4797329.00 ns, 2.2875 ns/op
OverheadActual  10: 2097152 op, 4797370.00 ns, 2.2876 ns/op
OverheadActual  11: 2097152 op, 4787626.00 ns, 2.2829 ns/op
OverheadActual  12: 2097152 op, 4797400.00 ns, 2.2876 ns/op
OverheadActual  13: 2097152 op, 4800264.00 ns, 2.2889 ns/op
OverheadActual  14: 2097152 op, 4787204.00 ns, 2.2827 ns/op
OverheadActual  15: 2097152 op, 4812012.00 ns, 2.2945 ns/op

WorkloadWarmup   1: 2097152 op, 826917109.00 ns, 394.3048 ns/op
WorkloadWarmup   2: 2097152 op, 820590471.00 ns, 391.2880 ns/op
WorkloadWarmup   3: 2097152 op, 808121430.00 ns, 385.3423 ns/op
WorkloadWarmup   4: 2097152 op, 811830715.00 ns, 387.1111 ns/op
WorkloadWarmup   5: 2097152 op, 811483553.00 ns, 386.9455 ns/op
WorkloadWarmup   6: 2097152 op, 813420474.00 ns, 387.8691 ns/op
WorkloadWarmup   7: 2097152 op, 811489714.00 ns, 386.9484 ns/op

// BeforeActualRun
WorkloadActual   1: 2097152 op, 812757515.00 ns, 387.5530 ns/op
WorkloadActual   2: 2097152 op, 812255830.00 ns, 387.3138 ns/op
WorkloadActual   3: 2097152 op, 809249983.00 ns, 385.8805 ns/op
WorkloadActual   4: 2097152 op, 810474924.00 ns, 386.4646 ns/op
WorkloadActual   5: 2097152 op, 812513728.00 ns, 387.4367 ns/op
WorkloadActual   6: 2097152 op, 820414242.00 ns, 391.2040 ns/op
WorkloadActual   7: 2097152 op, 818481598.00 ns, 390.2824 ns/op
WorkloadActual   8: 2097152 op, 815475260.00 ns, 388.8489 ns/op
WorkloadActual   9: 2097152 op, 822927759.00 ns, 392.4025 ns/op
WorkloadActual  10: 2097152 op, 819313302.00 ns, 390.6790 ns/op
WorkloadActual  11: 2097152 op, 816856197.00 ns, 389.5074 ns/op
WorkloadActual  12: 2097152 op, 815686389.00 ns, 388.9496 ns/op
WorkloadActual  13: 2097152 op, 814643361.00 ns, 388.4522 ns/op
WorkloadActual  14: 2097152 op, 814137811.00 ns, 388.2112 ns/op
WorkloadActual  15: 2097152 op, 815211065.00 ns, 388.7229 ns/op

// AfterActualRun
WorkloadResult   1: 2097152 op, 807957251.00 ns, 385.2640 ns/op
WorkloadResult   2: 2097152 op, 807455566.00 ns, 385.0248 ns/op
WorkloadResult   3: 2097152 op, 804449719.00 ns, 383.5915 ns/op
WorkloadResult   4: 2097152 op, 805674660.00 ns, 384.1756 ns/op
WorkloadResult   5: 2097152 op, 807713464.00 ns, 385.1478 ns/op
WorkloadResult   6: 2097152 op, 815613978.00 ns, 388.9151 ns/op
WorkloadResult   7: 2097152 op, 813681334.00 ns, 387.9935 ns/op
WorkloadResult   8: 2097152 op, 810674996.00 ns, 386.5600 ns/op
WorkloadResult   9: 2097152 op, 818127495.00 ns, 390.1136 ns/op
WorkloadResult  10: 2097152 op, 814513038.00 ns, 388.3901 ns/op
WorkloadResult  11: 2097152 op, 812055933.00 ns, 387.2184 ns/op
WorkloadResult  12: 2097152 op, 810886125.00 ns, 386.6606 ns/op
WorkloadResult  13: 2097152 op, 809843097.00 ns, 386.1633 ns/op
WorkloadResult  14: 2097152 op, 809337547.00 ns, 385.9222 ns/op
WorkloadResult  15: 2097152 op, 810410801.00 ns, 386.4340 ns/op
// GC:  23 0 0 385875968 2097152
// Threading:  0 0 2097152

// AfterAll
// Benchmark Process 4132 has exited with code 0.

Mean = 386.505 ns, StdErr = 0.463 ns (0.12%), N = 15, StdDev = 1.795 ns
Min = 383.592 ns, Q1 = 385.206 ns, Median = 386.434 ns, Q3 = 387.606 ns, Max = 390.114 ns
IQR = 2.400 ns, LowerFence = 381.606 ns, UpperFence = 391.206 ns
ConfidenceInterval = [384.587 ns; 388.423 ns] (CI 99.9%), Margin = 1.918 ns (0.50% of Mean)
Skewness = 0.3, Kurtosis = 2.14, MValue = 2

// ** Remained 16 (76.2 %) benchmark(s) to run. Estimated finish 2026-09-27 7:26 (0h 5m from now) **
// **************************
// Benchmark: RateLimiterBenchmarks.PermittedExecution: .NET 9.0(Runtime=.NET 9.0, Toolchain=net9.0)
// *** Execute ***
// Launch: 1 / 1
// Execute: dotnet "EricksonLopez.Resilience.Benchmarks-.NET 9.0-3.dll" --anonymousPipes 161 162 --benchmarkName EricksonLopez.Resilience.Benchmarks.RateLimiterBenchmarks.PermittedExecution --job ".NET 9.0" --benchmarkId 1 in /home/runner/work/dotnet-resilience/dotnet-resilience/benchmarks/EricksonLopez.Resilience.Benchmarks/bin/Release/net10.0/EricksonLopez.Resilience.Benchmarks-.NET 9.0-3/bin/Release/net9.0
// Failed to set up high priority (Permission denied). In order to run benchmarks with high priority, make sure you have the right permissions.
// BeforeAnythingElse

// Benchmark Process Environment Information:
// BenchmarkDotNet v0.15.8
// Runtime=.NET 9.0.20 (9.0.20, 9.0.2026.41315), X64 RyuJIT x86-64-v4
// GC=Concurrent Workstation
// HardwareIntrinsics=AVX512 IFMA+VBMI,AVX512 F+BW+CD+DQ+VL,AVX2+BMI1+BMI2+F16C+FMA+LZCNT+MOVBE,AVX,SSE3+SSSE3+SSE4.1+SSE4.2+POPCNT,X86Base+SSE+SSE2,AES+PCLMUL VectorSize=256
// Job: .NET 9.0

OverheadJitting  1: 1 op, 165389.00 ns, 165.3890 us/op
WorkloadJitting  1: 1 op, 9698717.00 ns, 9.6987 ms/op

OverheadJitting  2: 16 op, 311598.00 ns, 19.4749 us/op
WorkloadJitting  2: 16 op, 359200.00 ns, 22.4500 us/op

WorkloadPilot    1: 16 op, 45288.00 ns, 2.8305 us/op
WorkloadPilot    2: 32 op, 68994.00 ns, 2.1561 us/op
WorkloadPilot    3: 64 op, 110697.00 ns, 1.7296 us/op
WorkloadPilot    4: 128 op, 221803.00 ns, 1.7328 us/op
WorkloadPilot    5: 256 op, 406140.00 ns, 1.5865 us/op
WorkloadPilot    6: 512 op, 773443.00 ns, 1.5106 us/op
WorkloadPilot    7: 1024 op, 1535548.00 ns, 1.4996 us/op
WorkloadPilot    8: 2048 op, 2949022.00 ns, 1.4400 us/op
WorkloadPilot    9: 4096 op, 5987860.00 ns, 1.4619 us/op
WorkloadPilot   10: 8192 op, 12632808.00 ns, 1.5421 us/op
WorkloadPilot   11: 16384 op, 24634236.00 ns, 1.5036 us/op
WorkloadPilot   12: 32768 op, 48849352.00 ns, 1.4908 us/op
WorkloadPilot   13: 65536 op, 108937486.00 ns, 1.6623 us/op
WorkloadPilot   14: 131072 op, 56490837.00 ns, 430.9909 ns/op
WorkloadPilot   15: 262144 op, 87100604.00 ns, 332.2624 ns/op
WorkloadPilot   16: 524288 op, 169217939.00 ns, 322.7576 ns/op
WorkloadPilot   17: 1048576 op, 338201166.00 ns, 322.5338 ns/op
WorkloadPilot   18: 2097152 op, 672866897.00 ns, 320.8479 ns/op

OverheadWarmup   1: 2097152 op, 4253303.00 ns, 2.0281 ns/op
OverheadWarmup   2: 2097152 op, 4237449.00 ns, 2.0206 ns/op
OverheadWarmup   3: 2097152 op, 4229527.00 ns, 2.0168 ns/op
OverheadWarmup   4: 2097152 op, 4233673.00 ns, 2.0188 ns/op
OverheadWarmup   5: 2097152 op, 4228746.00 ns, 2.0164 ns/op
OverheadWarmup   6: 2097152 op, 4236037.00 ns, 2.0199 ns/op
OverheadWarmup   7: 2097152 op, 4236888.00 ns, 2.0203 ns/op
OverheadWarmup   8: 2097152 op, 4228916.00 ns, 2.0165 ns/op

OverheadActual   1: 2097152 op, 4249577.00 ns, 2.0264 ns/op
OverheadActual   2: 2097152 op, 4247645.00 ns, 2.0254 ns/op
OverheadActual   3: 2097152 op, 4256087.00 ns, 2.0295 ns/op
OverheadActual   4: 2097152 op, 4245521.00 ns, 2.0244 ns/op
OverheadActual   5: 2097152 op, 4287715.00 ns, 2.0445 ns/op
OverheadActual   6: 2097152 op, 4236137.00 ns, 2.0199 ns/op
OverheadActual   7: 2097152 op, 4237049.00 ns, 2.0204 ns/op
OverheadActual   8: 2097152 op, 4232191.00 ns, 2.0181 ns/op
OverheadActual   9: 2097152 op, 4232472.00 ns, 2.0182 ns/op
OverheadActual  10: 2097152 op, 4233153.00 ns, 2.0185 ns/op
OverheadActual  11: 2097152 op, 4227865.00 ns, 2.0160 ns/op
OverheadActual  12: 2097152 op, 4231430.00 ns, 2.0177 ns/op
OverheadActual  13: 2097152 op, 4236547.00 ns, 2.0201 ns/op
OverheadActual  14: 2097152 op, 4246423.00 ns, 2.0249 ns/op
OverheadActual  15: 2097152 op, 4230078.00 ns, 2.0171 ns/op

WorkloadWarmup   1: 2097152 op, 689004226.00 ns, 328.5428 ns/op
WorkloadWarmup   2: 2097152 op, 690458046.00 ns, 329.2361 ns/op
WorkloadWarmup   3: 2097152 op, 679171182.00 ns, 323.8541 ns/op
WorkloadWarmup   4: 2097152 op, 680467540.00 ns, 324.4722 ns/op
WorkloadWarmup   5: 2097152 op, 680583905.00 ns, 324.5277 ns/op
WorkloadWarmup   6: 2097152 op, 680423083.00 ns, 324.4510 ns/op

// BeforeActualRun
WorkloadActual   1: 2097152 op, 682587996.00 ns, 325.4833 ns/op
WorkloadActual   2: 2097152 op, 680561340.00 ns, 324.5169 ns/op
WorkloadActual   3: 2097152 op, 681681835.00 ns, 325.0512 ns/op
WorkloadActual   4: 2097152 op, 681136846.00 ns, 324.7914 ns/op
WorkloadActual   5: 2097152 op, 680627621.00 ns, 324.5485 ns/op
WorkloadActual   6: 2097152 op, 687573950.00 ns, 327.8608 ns/op
WorkloadActual   7: 2097152 op, 681711877.00 ns, 325.0656 ns/op
WorkloadActual   8: 2097152 op, 678362276.00 ns, 323.4683 ns/op
WorkloadActual   9: 2097152 op, 679373475.00 ns, 323.9505 ns/op
WorkloadActual  10: 2097152 op, 688489467.00 ns, 328.2974 ns/op
WorkloadActual  11: 2097152 op, 678675847.00 ns, 323.6179 ns/op
WorkloadActual  12: 2097152 op, 679587277.00 ns, 324.0525 ns/op
WorkloadActual  13: 2097152 op, 679726195.00 ns, 324.1187 ns/op
WorkloadActual  14: 2097152 op, 679546796.00 ns, 324.0332 ns/op
WorkloadActual  15: 2097152 op, 681786793.00 ns, 325.1013 ns/op

// AfterActualRun
WorkloadResult   1: 2097152 op, 678351449.00 ns, 323.4632 ns/op
WorkloadResult   2: 2097152 op, 676324793.00 ns, 322.4968 ns/op
WorkloadResult   3: 2097152 op, 677445288.00 ns, 323.0311 ns/op
WorkloadResult   4: 2097152 op, 676900299.00 ns, 322.7712 ns/op
WorkloadResult   5: 2097152 op, 676391074.00 ns, 322.5284 ns/op
WorkloadResult   6: 2097152 op, 677475330.00 ns, 323.0454 ns/op
WorkloadResult   7: 2097152 op, 674125729.00 ns, 321.4482 ns/op
WorkloadResult   8: 2097152 op, 675136928.00 ns, 321.9304 ns/op
WorkloadResult   9: 2097152 op, 674439300.00 ns, 321.5977 ns/op
WorkloadResult  10: 2097152 op, 675350730.00 ns, 322.0323 ns/op
WorkloadResult  11: 2097152 op, 675489648.00 ns, 322.0986 ns/op
WorkloadResult  12: 2097152 op, 675310249.00 ns, 322.0130 ns/op
WorkloadResult  13: 2097152 op, 677550246.00 ns, 323.0811 ns/op
// GC:  23 0 0 385875968 2097152
// Threading:  0 0 2097152

// AfterAll
// Benchmark Process 4151 has exited with code 0.

Mean = 322.426 ns, StdErr = 0.174 ns (0.05%), N = 13, StdDev = 0.626 ns
Min = 321.448 ns, Q1 = 322.013 ns, Median = 322.497 ns, Q3 = 323.031 ns, Max = 323.463 ns
IQR = 1.018 ns, LowerFence = 320.486 ns, UpperFence = 324.558 ns
ConfidenceInterval = [321.676 ns; 323.176 ns] (CI 99.9%), Margin = 0.750 ns (0.23% of Mean)
Skewness = 0.03, Kurtosis = 1.57, MValue = 2

// ** Remained 15 (71.4 %) benchmark(s) to run. Estimated finish 2026-09-27 7:26 (0h 4m from now) **
// ***** BenchmarkRunner: Finish  *****

// * Export *
  benchmarks/results/results/EricksonLopez.Resilience.Benchmarks.RateLimiterBenchmarks-report.csv
  benchmarks/results/results/EricksonLopez.Resilience.Benchmarks.RateLimiterBenchmarks-report-github.md
  benchmarks/results/results/EricksonLopez.Resilience.Benchmarks.RateLimiterBenchmarks-report.html
  benchmarks/results/results/EricksonLopez.Resilience.Benchmarks.RateLimiterBenchmarks-report-full-compressed.json
  benchmarks/results/results/EricksonLopez.Resilience.Benchmarks.RateLimiterBenchmarks-report-default.md

// * Detailed results *
RateLimiterBenchmarks.PermittedExecution: .NET 10.0(Runtime=.NET 10.0, Toolchain=net10.0)
Runtime = .NET 10.0.12 (10.0.12, 10.0.1226.42308), X64 RyuJIT x86-64-v4; GC = Concurrent Workstation
Mean = 273.242 ns, StdErr = 0.261 ns (0.10%), N = 14, StdDev = 0.976 ns
Min = 271.713 ns, Q1 = 272.598 ns, Median = 273.268 ns, Q3 = 273.608 ns, Max = 275.290 ns
IQR = 1.010 ns, LowerFence = 271.082 ns, UpperFence = 275.124 ns
ConfidenceInterval = [272.140 ns; 274.343 ns] (CI 99.9%), Margin = 1.101 ns (0.40% of Mean)
Skewness = 0.27, Kurtosis = 2.46, MValue = 2
-------------------- Histogram --------------------
[271.181 ns ; 275.822 ns) | @@@@@@@@@@@@@@
---------------------------------------------------

RateLimiterBenchmarks.PermittedExecution: .NET 9.0(Runtime=.NET 9.0, Toolchain=net9.0)
Runtime = .NET 9.0.20 (9.0.20, 9.0.2026.41315), X64 RyuJIT x86-64-v4; GC = Concurrent Workstation
Mean = 322.426 ns, StdErr = 0.174 ns (0.05%), N = 13, StdDev = 0.626 ns
Min = 321.448 ns, Q1 = 322.013 ns, Median = 322.497 ns, Q3 = 323.031 ns, Max = 323.463 ns
IQR = 1.018 ns, LowerFence = 320.486 ns, UpperFence = 324.558 ns
ConfidenceInterval = [321.676 ns; 323.176 ns] (CI 99.9%), Margin = 0.750 ns (0.23% of Mean)
Skewness = 0.03, Kurtosis = 1.57, MValue = 2
-------------------- Histogram --------------------
[321.098 ns ; 323.813 ns) | @@@@@@@@@@@@@
---------------------------------------------------

RateLimiterBenchmarks.PermittedExecution: .NET 8.0(Runtime=.NET 8.0, Toolchain=net8.0)
Runtime = .NET 8.0.31 (8.0.31, 8.0.3126.42015), X64 RyuJIT x86-64-v4; GC = Concurrent Workstation
Mean = 386.505 ns, StdErr = 0.463 ns (0.12%), N = 15, StdDev = 1.795 ns
Min = 383.592 ns, Q1 = 385.206 ns, Median = 386.434 ns, Q3 = 387.606 ns, Max = 390.114 ns
IQR = 2.400 ns, LowerFence = 381.606 ns, UpperFence = 391.206 ns
ConfidenceInterval = [384.587 ns; 388.423 ns] (CI 99.9%), Margin = 1.918 ns (0.50% of Mean)
Skewness = 0.3, Kurtosis = 2.14, MValue = 2
-------------------- Histogram --------------------
[382.636 ns ; 391.069 ns) | @@@@@@@@@@@@@@@
---------------------------------------------------

// * Summary *

BenchmarkDotNet v0.15.8, Linux Ubuntu 24.04.5 LTS (Noble Numbat)
AMD EPYC 9V74 3.70GHz, 1 CPU, 4 logical and 2 physical cores
.NET SDK 10.0.401
  [Host]    : .NET 10.0.12 (10.0.12, 10.0.1226.42308), X64 RyuJIT x86-64-v4
  .NET 10.0 : .NET 10.0.12 (10.0.12, 10.0.1226.42308), X64 RyuJIT x86-64-v4
  .NET 9.0  : .NET 9.0.20 (9.0.20, 9.0.2026.41315), X64 RyuJIT x86-64-v4
  .NET 8.0  : .NET 8.0.31 (8.0.31, 8.0.3126.42015), X64 RyuJIT x86-64-v4


| Method             | Job       | Runtime   | Mean     | Error   | StdDev  | Ratio | Gen0   | Allocated | Alloc Ratio |
|------------------- |---------- |---------- |---------:|--------:|--------:|------:|-------:|----------:|------------:|
| PermittedExecution | .NET 10.0 | .NET 10.0 | 273.2 ns | 1.10 ns | 0.98 ns |  0.71 | 0.0110 |     184 B |        1.00 |
| PermittedExecution | .NET 9.0  | .NET 9.0  | 322.4 ns | 0.75 ns | 0.63 ns |  0.83 | 0.0110 |     184 B |        1.00 |
| PermittedExecution | .NET 8.0  | .NET 8.0  | 386.5 ns | 1.92 ns | 1.79 ns |  1.00 | 0.0110 |     184 B |        1.00 |

// * Hints *
Outliers
  RateLimiterBenchmarks.PermittedExecution: .NET 10.0 -> 1 outlier  was  removed (279.29 ns)
  RateLimiterBenchmarks.PermittedExecution: .NET 9.0  -> 2 outliers were removed (327.86 ns, 328.30 ns)

// * Legends *
  Mean        : Arithmetic mean of all measurements
  Error       : Half of 99.9% confidence interval
  StdDev      : Standard deviation of all measurements
  Ratio       : Mean of the ratio distribution ([Current]/[Baseline])
  Gen0        : GC Generation 0 collects per 1000 operations
  Allocated   : Allocated memory per single operation (managed only, inclusive, 1KB = 1024B)
  Alloc Ratio : Allocated memory ratio distribution ([Current]/[Baseline])
  1 ns        : 1 Nanosecond (0.000000001 sec)

// * Diagnostic Output - MemoryDiagnoser *


// ***** BenchmarkRunner: End *****
Run time: 00:00:52 (52.82 sec), executed benchmarks: 3

// Found 12 benchmarks:
//   ResilienceExecutionBenchmarks.DirectPollyExecution: .NET 10.0(Runtime=.NET 10.0, Toolchain=net10.0)
//   ResilienceExecutionBenchmarks.EcosystemPipelineExecution: .NET 10.0(Runtime=.NET 10.0, Toolchain=net10.0)
//   ResilienceExecutionBenchmarks.EcosystemExecutorExecution: .NET 10.0(Runtime=.NET 10.0, Toolchain=net10.0)
//   ResilienceExecutionBenchmarks.ResultResilientExecution: .NET 10.0(Runtime=.NET 10.0, Toolchain=net10.0)
//   ResilienceExecutionBenchmarks.DirectPollyExecution: .NET 8.0(Runtime=.NET 8.0, Toolchain=net8.0)
//   ResilienceExecutionBenchmarks.EcosystemPipelineExecution: .NET 8.0(Runtime=.NET 8.0, Toolchain=net8.0)
//   ResilienceExecutionBenchmarks.EcosystemExecutorExecution: .NET 8.0(Runtime=.NET 8.0, Toolchain=net8.0)
//   ResilienceExecutionBenchmarks.ResultResilientExecution: .NET 8.0(Runtime=.NET 8.0, Toolchain=net8.0)
//   ResilienceExecutionBenchmarks.DirectPollyExecution: .NET 9.0(Runtime=.NET 9.0, Toolchain=net9.0)
//   ResilienceExecutionBenchmarks.EcosystemPipelineExecution: .NET 9.0(Runtime=.NET 9.0, Toolchain=net9.0)
//   ResilienceExecutionBenchmarks.EcosystemExecutorExecution: .NET 9.0(Runtime=.NET 9.0, Toolchain=net9.0)
//   ResilienceExecutionBenchmarks.ResultResilientExecution: .NET 9.0(Runtime=.NET 9.0, Toolchain=net9.0)

// **************************
// Benchmark: ResilienceExecutionBenchmarks.DirectPollyExecution: .NET 10.0(Runtime=.NET 10.0, Toolchain=net10.0)
// *** Execute ***
// Launch: 1 / 1
// Execute: dotnet "EricksonLopez.Resilience.Benchmarks-.NET 10.0-1.dll" --anonymousPipes 113 114 --benchmarkName EricksonLopez.Resilience.Benchmarks.ResilienceExecutionBenchmarks.DirectPollyExecution --job ".NET 10.0" --benchmarkId 2 in /home/runner/work/dotnet-resilience/dotnet-resilience/benchmarks/EricksonLopez.Resilience.Benchmarks/bin/Release/net10.0/EricksonLopez.Resilience.Benchmarks-.NET 10.0-1/bin/Release/net10.0
// Failed to set up high priority (Permission denied). In order to run benchmarks with high priority, make sure you have the right permissions.
// BeforeAnythingElse

// Benchmark Process Environment Information:
// BenchmarkDotNet v0.15.8
// Runtime=.NET 10.0.12 (10.0.12, 10.0.1226.42308), X64 RyuJIT x86-64-v4
// GC=Concurrent Workstation
// HardwareIntrinsics=AVX512 BITALG+VBMI2+VNNI+VPOPCNTDQ,AVX512 IFMA+VBMI,AVX512 F+BW+CD+DQ+VL,AVX2+BMI1+BMI2+F16C+FMA+LZCNT+MOVBE,AVX,SSE3+SSSE3+SSE4.1+SSE4.2+POPCNT,X86Base+SSE+SSE2,AES+PCLMUL VectorSize=256
// Job: .NET 10.0

OverheadJitting  1: 1 op, 189895.00 ns, 189.8950 us/op
WorkloadJitting  1: 1 op, 8857734.00 ns, 8.8577 ms/op

OverheadJitting  2: 16 op, 353612.00 ns, 22.1008 us/op
WorkloadJitting  2: 16 op, 367893.00 ns, 22.9933 us/op

WorkloadPilot    1: 16 op, 21182.00 ns, 1.3239 us/op
WorkloadPilot    2: 32 op, 33891.00 ns, 1.0591 us/op
WorkloadPilot    3: 64 op, 59699.00 ns, 932.7969 ns/op
WorkloadPilot    4: 128 op, 114602.00 ns, 895.3281 ns/op
WorkloadPilot    5: 256 op, 223055.00 ns, 871.3086 ns/op
WorkloadPilot    6: 512 op, 441693.00 ns, 862.6816 ns/op
WorkloadPilot    7: 1024 op, 890479.00 ns, 869.6084 ns/op
WorkloadPilot    8: 2048 op, 1770270.00 ns, 864.3896 ns/op
WorkloadPilot    9: 4096 op, 3536265.00 ns, 863.3459 ns/op
WorkloadPilot   10: 8192 op, 7066121.00 ns, 862.5636 ns/op
WorkloadPilot   11: 16384 op, 14138912.00 ns, 862.9707 ns/op
WorkloadPilot   12: 32768 op, 28359365.00 ns, 865.4591 ns/op
WorkloadPilot   13: 65536 op, 56766371.00 ns, 866.1861 ns/op
WorkloadPilot   14: 131072 op, 122560412.00 ns, 935.0617 ns/op
WorkloadPilot   15: 262144 op, 45665025.00 ns, 174.1982 ns/op
WorkloadPilot   16: 524288 op, 90167244.00 ns, 171.9804 ns/op
WorkloadPilot   17: 1048576 op, 179491751.00 ns, 171.1767 ns/op
WorkloadPilot   18: 2097152 op, 358473916.00 ns, 170.9337 ns/op
WorkloadPilot   19: 4194304 op, 717954094.00 ns, 171.1736 ns/op

OverheadWarmup   1: 4194304 op, 8494594.00 ns, 2.0253 ns/op
OverheadWarmup   2: 4194304 op, 8476707.00 ns, 2.0210 ns/op
OverheadWarmup   3: 4194304 op, 8451259.00 ns, 2.0149 ns/op
OverheadWarmup   4: 4194304 op, 8466061.00 ns, 2.0185 ns/op
OverheadWarmup   5: 4194304 op, 8445991.00 ns, 2.0137 ns/op
OverheadWarmup   6: 4194304 op, 8439842.00 ns, 2.0122 ns/op
OverheadWarmup   7: 4194304 op, 8437288.00 ns, 2.0116 ns/op
OverheadWarmup   8: 4194304 op, 8443066.00 ns, 2.0130 ns/op
OverheadWarmup   9: 4194304 op, 8497959.00 ns, 2.0261 ns/op
OverheadWarmup  10: 4194304 op, 8487824.00 ns, 2.0237 ns/op

OverheadActual   1: 4194304 op, 8502386.00 ns, 2.0271 ns/op
OverheadActual   2: 4194304 op, 8472611.00 ns, 2.0200 ns/op
OverheadActual   3: 4194304 op, 8447413.00 ns, 2.0140 ns/op
OverheadActual   4: 4194304 op, 8446722.00 ns, 2.0139 ns/op
OverheadActual   5: 4194304 op, 8460863.00 ns, 2.0172 ns/op
OverheadActual   6: 4194304 op, 8448946.00 ns, 2.0144 ns/op
OverheadActual   7: 4194304 op, 8434654.00 ns, 2.0110 ns/op
OverheadActual   8: 4194304 op, 8493442.00 ns, 2.0250 ns/op
OverheadActual   9: 4194304 op, 8435304.00 ns, 2.0111 ns/op
OverheadActual  10: 4194304 op, 8439491.00 ns, 2.0121 ns/op
OverheadActual  11: 4194304 op, 8474955.00 ns, 2.0206 ns/op
OverheadActual  12: 4194304 op, 8452701.00 ns, 2.0153 ns/op
OverheadActual  13: 4194304 op, 8439932.00 ns, 2.0122 ns/op
OverheadActual  14: 4194304 op, 8464990.00 ns, 2.0182 ns/op
OverheadActual  15: 4194304 op, 8446582.00 ns, 2.0138 ns/op

WorkloadWarmup   1: 4194304 op, 741704912.00 ns, 176.8362 ns/op
WorkloadWarmup   2: 4194304 op, 717892932.00 ns, 171.1590 ns/op
WorkloadWarmup   3: 4194304 op, 716445387.00 ns, 170.8139 ns/op
WorkloadWarmup   4: 4194304 op, 716917096.00 ns, 170.9264 ns/op
WorkloadWarmup   5: 4194304 op, 717921185.00 ns, 171.1657 ns/op
WorkloadWarmup   6: 4194304 op, 717133471.00 ns, 170.9779 ns/op
WorkloadWarmup   7: 4194304 op, 718155087.00 ns, 171.2215 ns/op
WorkloadWarmup   8: 4194304 op, 717718841.00 ns, 171.1175 ns/op

// BeforeActualRun
WorkloadActual   1: 4194304 op, 717713012.00 ns, 171.1161 ns/op
WorkloadActual   2: 4194304 op, 716410184.00 ns, 170.8055 ns/op
WorkloadActual   3: 4194304 op, 717355790.00 ns, 171.0309 ns/op
WorkloadActual   4: 4194304 op, 719330575.00 ns, 171.5018 ns/op
WorkloadActual   5: 4194304 op, 738209532.00 ns, 176.0029 ns/op
WorkloadActual   6: 4194304 op, 717660665.00 ns, 171.1036 ns/op
WorkloadActual   7: 4194304 op, 716999552.00 ns, 170.9460 ns/op
WorkloadActual   8: 4194304 op, 720845041.00 ns, 171.8629 ns/op
WorkloadActual   9: 4194304 op, 722885027.00 ns, 172.3492 ns/op
WorkloadActual  10: 4194304 op, 717849679.00 ns, 171.1487 ns/op
WorkloadActual  11: 4194304 op, 717478602.00 ns, 171.0602 ns/op
WorkloadActual  12: 4194304 op, 716563115.00 ns, 170.8420 ns/op
WorkloadActual  13: 4194304 op, 717113262.00 ns, 170.9731 ns/op
WorkloadActual  14: 4194304 op, 718054035.00 ns, 171.1974 ns/op
WorkloadActual  15: 4194304 op, 717196945.00 ns, 170.9931 ns/op

// AfterActualRun
WorkloadResult   1: 4194304 op, 709264066.00 ns, 169.1017 ns/op
WorkloadResult   2: 4194304 op, 707961238.00 ns, 168.7911 ns/op
WorkloadResult   3: 4194304 op, 708906844.00 ns, 169.0166 ns/op
WorkloadResult   4: 4194304 op, 710881629.00 ns, 169.4874 ns/op
WorkloadResult   5: 4194304 op, 709211719.00 ns, 169.0893 ns/op
WorkloadResult   6: 4194304 op, 708550606.00 ns, 168.9316 ns/op
WorkloadResult   7: 4194304 op, 712396095.00 ns, 169.8485 ns/op
WorkloadResult   8: 4194304 op, 709400733.00 ns, 169.1343 ns/op
WorkloadResult   9: 4194304 op, 709029656.00 ns, 169.0458 ns/op
WorkloadResult  10: 4194304 op, 708114169.00 ns, 168.8276 ns/op
WorkloadResult  11: 4194304 op, 708664316.00 ns, 168.9587 ns/op
WorkloadResult  12: 4194304 op, 709605089.00 ns, 169.1830 ns/op
WorkloadResult  13: 4194304 op, 708747999.00 ns, 168.9787 ns/op
// GC:  0 0 0 0 4194304
// Threading:  0 0 4194304

// AfterAll
// Benchmark Process 4167 has exited with code 0.

Mean = 169.107 ns, StdErr = 0.078 ns (0.05%), N = 13, StdDev = 0.283 ns
Min = 168.791 ns, Q1 = 168.959 ns, Median = 169.046 ns, Q3 = 169.134 ns, Max = 169.848 ns
IQR = 0.176 ns, LowerFence = 168.695 ns, UpperFence = 169.398 ns
ConfidenceInterval = [168.768 ns; 169.446 ns] (CI 99.9%), Margin = 0.339 ns (0.20% of Mean)
Skewness = 1.35, Kurtosis = 4.09, MValue = 2

// ** Remained 14 (66.7 %) benchmark(s) to run. Estimated finish 2026-09-27 7:26 (0h 4m from now) **
// **************************
// Benchmark: ResilienceExecutionBenchmarks.EcosystemPipelineExecution: .NET 10.0(Runtime=.NET 10.0, Toolchain=net10.0)
// *** Execute ***
// Launch: 1 / 1
// Execute: dotnet "EricksonLopez.Resilience.Benchmarks-.NET 10.0-1.dll" --anonymousPipes 115 116 --benchmarkName EricksonLopez.Resilience.Benchmarks.ResilienceExecutionBenchmarks.EcosystemPipelineExecution --job ".NET 10.0" --benchmarkId 3 in /home/runner/work/dotnet-resilience/dotnet-resilience/benchmarks/EricksonLopez.Resilience.Benchmarks/bin/Release/net10.0/EricksonLopez.Resilience.Benchmarks-.NET 10.0-1/bin/Release/net10.0
// Failed to set up high priority (Permission denied). In order to run benchmarks with high priority, make sure you have the right permissions.
// BeforeAnythingElse

// Benchmark Process Environment Information:
// BenchmarkDotNet v0.15.8
// Runtime=.NET 10.0.12 (10.0.12, 10.0.1226.42308), X64 RyuJIT x86-64-v4
// GC=Concurrent Workstation
// HardwareIntrinsics=AVX512 BITALG+VBMI2+VNNI+VPOPCNTDQ,AVX512 IFMA+VBMI,AVX512 F+BW+CD+DQ+VL,AVX2+BMI1+BMI2+F16C+FMA+LZCNT+MOVBE,AVX,SSE3+SSSE3+SSE4.1+SSE4.2+POPCNT,X86Base+SSE+SSE2,AES+PCLMUL VectorSize=256
// Job: .NET 10.0

OverheadJitting  1: 1 op, 175183.00 ns, 175.1830 us/op
WorkloadJitting  1: 1 op, 12099366.00 ns, 12.0994 ms/op

OverheadJitting  2: 16 op, 322004.00 ns, 20.1253 us/op
WorkloadJitting  2: 16 op, 381093.00 ns, 23.8183 us/op

WorkloadPilot    1: 16 op, 37116.00 ns, 2.3198 us/op
WorkloadPilot    2: 32 op, 67312.00 ns, 2.1035 us/op
WorkloadPilot    3: 64 op, 104567.00 ns, 1.6339 us/op
WorkloadPilot    4: 128 op, 197226.00 ns, 1.5408 us/op
WorkloadPilot    5: 256 op, 384348.00 ns, 1.5014 us/op
WorkloadPilot    6: 512 op, 779031.00 ns, 1.5215 us/op
WorkloadPilot    7: 1024 op, 1527196.00 ns, 1.4914 us/op
WorkloadPilot    8: 2048 op, 2958997.00 ns, 1.4448 us/op
WorkloadPilot    9: 4096 op, 5902222.00 ns, 1.4410 us/op
WorkloadPilot   10: 8192 op, 12125987.00 ns, 1.4802 us/op
WorkloadPilot   11: 16384 op, 24454808.00 ns, 1.4926 us/op
WorkloadPilot   12: 32768 op, 50682299.00 ns, 1.5467 us/op
WorkloadPilot   13: 65536 op, 107665909.00 ns, 1.6429 us/op
WorkloadPilot   14: 131072 op, 76435267.00 ns, 583.1548 ns/op
WorkloadPilot   15: 262144 op, 73838093.00 ns, 281.6700 ns/op
WorkloadPilot   16: 524288 op, 141062727.00 ns, 269.0558 ns/op
WorkloadPilot   17: 1048576 op, 282655631.00 ns, 269.5614 ns/op
WorkloadPilot   18: 2097152 op, 564491889.00 ns, 269.1707 ns/op

OverheadWarmup   1: 2097152 op, 4243379.00 ns, 2.0234 ns/op
OverheadWarmup   2: 2097152 op, 4255937.00 ns, 2.0294 ns/op
OverheadWarmup   3: 2097152 op, 4241155.00 ns, 2.0223 ns/op
OverheadWarmup   4: 2097152 op, 4230359.00 ns, 2.0172 ns/op
OverheadWarmup   5: 2097152 op, 4242777.00 ns, 2.0231 ns/op
OverheadWarmup   6: 2097152 op, 4236047.00 ns, 2.0199 ns/op

OverheadActual   1: 2097152 op, 4246413.00 ns, 2.0248 ns/op
OverheadActual   2: 2097152 op, 4238391.00 ns, 2.0210 ns/op
OverheadActual   3: 2097152 op, 4292442.00 ns, 2.0468 ns/op
OverheadActual   4: 2097152 op, 4262988.00 ns, 2.0328 ns/op
OverheadActual   5: 2097152 op, 4239822.00 ns, 2.0217 ns/op
OverheadActual   6: 2097152 op, 4250679.00 ns, 2.0269 ns/op
OverheadActual   7: 2097152 op, 4238831.00 ns, 2.0212 ns/op
OverheadActual   8: 2097152 op, 4238070.00 ns, 2.0209 ns/op
OverheadActual   9: 2097152 op, 4263999.00 ns, 2.0332 ns/op
OverheadActual  10: 2097152 op, 4237039.00 ns, 2.0204 ns/op
OverheadActual  11: 2097152 op, 4242377.00 ns, 2.0229 ns/op
OverheadActual  12: 2097152 op, 4238050.00 ns, 2.0209 ns/op
OverheadActual  13: 2097152 op, 4236178.00 ns, 2.0200 ns/op
OverheadActual  14: 2097152 op, 4245752.00 ns, 2.0245 ns/op
OverheadActual  15: 2097152 op, 4237279.00 ns, 2.0205 ns/op

WorkloadWarmup   1: 2097152 op, 577260881.00 ns, 275.2594 ns/op
WorkloadWarmup   2: 2097152 op, 570200319.00 ns, 271.8927 ns/op
WorkloadWarmup   3: 2097152 op, 567937828.00 ns, 270.8139 ns/op
WorkloadWarmup   4: 2097152 op, 568750870.00 ns, 271.2015 ns/op
WorkloadWarmup   5: 2097152 op, 563611756.00 ns, 268.7510 ns/op
WorkloadWarmup   6: 2097152 op, 562555518.00 ns, 268.2474 ns/op
WorkloadWarmup   7: 2097152 op, 564272900.00 ns, 269.0663 ns/op
WorkloadWarmup   8: 2097152 op, 563256051.00 ns, 268.5814 ns/op

// BeforeActualRun
WorkloadActual   1: 2097152 op, 569820228.00 ns, 271.7115 ns/op
WorkloadActual   2: 2097152 op, 564212519.00 ns, 269.0375 ns/op
WorkloadActual   3: 2097152 op, 563264614.00 ns, 268.5855 ns/op
WorkloadActual   4: 2097152 op, 564881234.00 ns, 269.3564 ns/op
WorkloadActual   5: 2097152 op, 563701671.00 ns, 268.7939 ns/op
WorkloadActual   6: 2097152 op, 564381693.00 ns, 269.1182 ns/op
WorkloadActual   7: 2097152 op, 564024837.00 ns, 268.9480 ns/op
WorkloadActual   8: 2097152 op, 564865661.00 ns, 269.3489 ns/op
WorkloadActual   9: 2097152 op, 563390453.00 ns, 268.6455 ns/op
WorkloadActual  10: 2097152 op, 564073981.00 ns, 268.9714 ns/op
WorkloadActual  11: 2097152 op, 564639090.00 ns, 269.2409 ns/op
WorkloadActual  12: 2097152 op, 564109254.00 ns, 268.9883 ns/op
WorkloadActual  13: 2097152 op, 564955295.00 ns, 269.3917 ns/op
WorkloadActual  14: 2097152 op, 565352713.00 ns, 269.5812 ns/op
WorkloadActual  15: 2097152 op, 567250473.00 ns, 270.4861 ns/op

// AfterActualRun
WorkloadResult   1: 2097152 op, 559972697.00 ns, 267.0158 ns/op
WorkloadResult   2: 2097152 op, 559024792.00 ns, 266.5638 ns/op
WorkloadResult   3: 2097152 op, 560641412.00 ns, 267.3347 ns/op
WorkloadResult   4: 2097152 op, 559461849.00 ns, 266.7722 ns/op
WorkloadResult   5: 2097152 op, 560141871.00 ns, 267.0965 ns/op
WorkloadResult   6: 2097152 op, 559785015.00 ns, 266.9263 ns/op
WorkloadResult   7: 2097152 op, 560625839.00 ns, 267.3272 ns/op
WorkloadResult   8: 2097152 op, 559150631.00 ns, 266.6238 ns/op
WorkloadResult   9: 2097152 op, 559834159.00 ns, 266.9497 ns/op
WorkloadResult  10: 2097152 op, 560399268.00 ns, 267.2192 ns/op
WorkloadResult  11: 2097152 op, 559869432.00 ns, 266.9665 ns/op
WorkloadResult  12: 2097152 op, 560715473.00 ns, 267.3700 ns/op
WorkloadResult  13: 2097152 op, 561112891.00 ns, 267.5595 ns/op
// GC:  18 0 0 301989888 2097152
// Threading:  0 0 2097152

// AfterAll
// Benchmark Process 4183 has exited with code 0.

Mean = 267.056 ns, StdErr = 0.083 ns (0.03%), N = 13, StdDev = 0.300 ns
Min = 266.564 ns, Q1 = 266.926 ns, Median = 267.016 ns, Q3 = 267.327 ns, Max = 267.559 ns
IQR = 0.401 ns, LowerFence = 266.325 ns, UpperFence = 267.929 ns
ConfidenceInterval = [266.697 ns; 267.415 ns] (CI 99.9%), Margin = 0.359 ns (0.13% of Mean)
Skewness = -0.06, Kurtosis = 1.78, MValue = 2

// ** Remained 13 (61.9 %) benchmark(s) to run. Estimated finish 2026-09-27 7:26 (0h 3m from now) **
// **************************
// Benchmark: ResilienceExecutionBenchmarks.EcosystemExecutorExecution: .NET 10.0(Runtime=.NET 10.0, Toolchain=net10.0)
// *** Execute ***
// Launch: 1 / 1
// Execute: dotnet "EricksonLopez.Resilience.Benchmarks-.NET 10.0-1.dll" --anonymousPipes 115 116 --benchmarkName EricksonLopez.Resilience.Benchmarks.ResilienceExecutionBenchmarks.EcosystemExecutorExecution --job ".NET 10.0" --benchmarkId 4 in /home/runner/work/dotnet-resilience/dotnet-resilience/benchmarks/EricksonLopez.Resilience.Benchmarks/bin/Release/net10.0/EricksonLopez.Resilience.Benchmarks-.NET 10.0-1/bin/Release/net10.0
// Failed to set up high priority (Permission denied). In order to run benchmarks with high priority, make sure you have the right permissions.
// BeforeAnythingElse

// Benchmark Process Environment Information:
// BenchmarkDotNet v0.15.8
// Runtime=.NET 10.0.12 (10.0.12, 10.0.1226.42308), X64 RyuJIT x86-64-v4
// GC=Concurrent Workstation
// HardwareIntrinsics=AVX512 BITALG+VBMI2+VNNI+VPOPCNTDQ,AVX512 IFMA+VBMI,AVX512 F+BW+CD+DQ+VL,AVX2+BMI1+BMI2+F16C+FMA+LZCNT+MOVBE,AVX,SSE3+SSSE3+SSE4.1+SSE4.2+POPCNT,X86Base+SSE+SSE2,AES+PCLMUL VectorSize=256
// Job: .NET 10.0

OverheadJitting  1: 1 op, 183395.00 ns, 183.3950 us/op
WorkloadJitting  1: 1 op, 16715124.00 ns, 16.7151 ms/op

OverheadJitting  2: 16 op, 354062.00 ns, 22.1289 us/op
WorkloadJitting  2: 16 op, 448424.00 ns, 28.0265 us/op

WorkloadPilot    1: 16 op, 65438.00 ns, 4.0899 us/op
WorkloadPilot    2: 32 op, 76505.00 ns, 2.3908 us/op
WorkloadPilot    3: 64 op, 127151.00 ns, 1.9867 us/op
WorkloadPilot    4: 128 op, 238278.00 ns, 1.8615 us/op
WorkloadPilot    5: 256 op, 504819.00 ns, 1.9719 us/op
WorkloadPilot    6: 512 op, 940364.00 ns, 1.8366 us/op
WorkloadPilot    7: 1024 op, 1847567.00 ns, 1.8043 us/op
WorkloadPilot    8: 2048 op, 3715325.00 ns, 1.8141 us/op
WorkloadPilot    9: 4096 op, 7240223.00 ns, 1.7676 us/op
WorkloadPilot   10: 8192 op, 14836400.00 ns, 1.8111 us/op
WorkloadPilot   11: 16384 op, 29516565.00 ns, 1.8015 us/op
WorkloadPilot   12: 32768 op, 58829464.00 ns, 1.7953 us/op
WorkloadPilot   13: 65536 op, 120163913.00 ns, 1.8336 us/op
WorkloadPilot   14: 131072 op, 66431150.00 ns, 506.8295 ns/op
WorkloadPilot   15: 262144 op, 103604153.00 ns, 395.2185 ns/op
WorkloadPilot   16: 524288 op, 203026531.00 ns, 387.2424 ns/op
WorkloadPilot   17: 1048576 op, 403203259.00 ns, 384.5246 ns/op
WorkloadPilot   18: 2097152 op, 806601851.00 ns, 384.6177 ns/op

OverheadWarmup   1: 2097152 op, 4178570.00 ns, 1.9925 ns/op
OverheadWarmup   2: 2097152 op, 4172341.00 ns, 1.9895 ns/op
OverheadWarmup   3: 2097152 op, 4174815.00 ns, 1.9907 ns/op
OverheadWarmup   4: 2097152 op, 4160533.00 ns, 1.9839 ns/op
OverheadWarmup   5: 2097152 op, 4171711.00 ns, 1.9892 ns/op
OverheadWarmup   6: 2097152 op, 4165721.00 ns, 1.9864 ns/op

OverheadActual   1: 2097152 op, 4150067.00 ns, 1.9789 ns/op
OverheadActual   2: 2097152 op, 4177369.00 ns, 1.9919 ns/op
OverheadActual   3: 2097152 op, 4169718.00 ns, 1.9883 ns/op
OverheadActual   4: 2097152 op, 4171490.00 ns, 1.9891 ns/op
OverheadActual   5: 2097152 op, 4171100.00 ns, 1.9889 ns/op
OverheadActual   6: 2097152 op, 4164350.00 ns, 1.9857 ns/op
OverheadActual   7: 2097152 op, 4164920.00 ns, 1.9860 ns/op
OverheadActual   8: 2097152 op, 4161816.00 ns, 1.9845 ns/op
OverheadActual   9: 2097152 op, 4192892.00 ns, 1.9993 ns/op
OverheadActual  10: 2097152 op, 4156979.00 ns, 1.9822 ns/op
OverheadActual  11: 2097152 op, 4156698.00 ns, 1.9821 ns/op
OverheadActual  12: 2097152 op, 4148305.00 ns, 1.9781 ns/op
OverheadActual  13: 2097152 op, 4157669.00 ns, 1.9825 ns/op
OverheadActual  14: 2097152 op, 4161285.00 ns, 1.9843 ns/op
OverheadActual  15: 2097152 op, 4159702.00 ns, 1.9835 ns/op

WorkloadWarmup   1: 2097152 op, 824884891.00 ns, 393.3358 ns/op
WorkloadWarmup   2: 2097152 op, 812206064.00 ns, 387.2900 ns/op
WorkloadWarmup   3: 2097152 op, 805839004.00 ns, 384.2540 ns/op
WorkloadWarmup   4: 2097152 op, 805219222.00 ns, 383.9584 ns/op
WorkloadWarmup   5: 2097152 op, 805626865.00 ns, 384.1528 ns/op
WorkloadWarmup   6: 2097152 op, 805648608.00 ns, 384.1632 ns/op
WorkloadWarmup   7: 2097152 op, 805479575.00 ns, 384.0826 ns/op
WorkloadWarmup   8: 2097152 op, 806340552.00 ns, 384.4931 ns/op
WorkloadWarmup   9: 2097152 op, 807882810.00 ns, 385.2285 ns/op
WorkloadWarmup  10: 2097152 op, 805538497.00 ns, 384.1107 ns/op

// BeforeActualRun
WorkloadActual   1: 2097152 op, 808459016.00 ns, 385.5033 ns/op
WorkloadActual   2: 2097152 op, 806103426.00 ns, 384.3801 ns/op
WorkloadActual   3: 2097152 op, 806752912.00 ns, 384.6898 ns/op
WorkloadActual   4: 2097152 op, 806395175.00 ns, 384.5192 ns/op
WorkloadActual   5: 2097152 op, 805445106.00 ns, 384.0662 ns/op
WorkloadActual   6: 2097152 op, 806361534.00 ns, 384.5031 ns/op
WorkloadActual   7: 2097152 op, 807145334.00 ns, 384.8769 ns/op
WorkloadActual   8: 2097152 op, 806204811.00 ns, 384.4284 ns/op
WorkloadActual   9: 2097152 op, 806426343.00 ns, 384.5340 ns/op
WorkloadActual  10: 2097152 op, 807939969.00 ns, 385.2558 ns/op
WorkloadActual  11: 2097152 op, 806782758.00 ns, 384.7040 ns/op
WorkloadActual  12: 2097152 op, 807559456.00 ns, 385.0744 ns/op
WorkloadActual  13: 2097152 op, 807040787.00 ns, 384.8270 ns/op
WorkloadActual  14: 2097152 op, 807068358.00 ns, 384.8402 ns/op
WorkloadActual  15: 2097152 op, 805690808.00 ns, 384.1833 ns/op

// AfterActualRun
WorkloadResult   1: 2097152 op, 801941610.00 ns, 382.3956 ns/op
WorkloadResult   2: 2097152 op, 802591096.00 ns, 382.7053 ns/op
WorkloadResult   3: 2097152 op, 802233359.00 ns, 382.5347 ns/op
WorkloadResult   4: 2097152 op, 801283290.00 ns, 382.0816 ns/op
WorkloadResult   5: 2097152 op, 802199718.00 ns, 382.5186 ns/op
WorkloadResult   6: 2097152 op, 802983518.00 ns, 382.8924 ns/op
WorkloadResult   7: 2097152 op, 802042995.00 ns, 382.4439 ns/op
WorkloadResult   8: 2097152 op, 802264527.00 ns, 382.5495 ns/op
WorkloadResult   9: 2097152 op, 803778153.00 ns, 383.2713 ns/op
WorkloadResult  10: 2097152 op, 802620942.00 ns, 382.7195 ns/op
WorkloadResult  11: 2097152 op, 803397640.00 ns, 383.0898 ns/op
WorkloadResult  12: 2097152 op, 802878971.00 ns, 382.8425 ns/op
WorkloadResult  13: 2097152 op, 802906542.00 ns, 382.8557 ns/op
WorkloadResult  14: 2097152 op, 801528992.00 ns, 382.1988 ns/op
// GC:  18 0 0 301989888 2097152
// Threading:  0 0 2097152

// AfterAll
// Benchmark Process 4199 has exited with code 0.

Mean = 382.650 ns, StdErr = 0.088 ns (0.02%), N = 14, StdDev = 0.328 ns
Min = 382.082 ns, Q1 = 382.463 ns, Median = 382.627 ns, Q3 = 382.852 ns, Max = 383.271 ns
IQR = 0.390 ns, LowerFence = 381.878 ns, UpperFence = 383.437 ns
ConfidenceInterval = [382.280 ns; 383.020 ns] (CI 99.9%), Margin = 0.370 ns (0.10% of Mean)
Skewness = 0.1, Kurtosis = 2.13, MValue = 2

// ** Remained 12 (57.1 %) benchmark(s) to run. Estimated finish 2026-09-27 7:26 (0h 3m from now) **
// **************************
// Benchmark: ResilienceExecutionBenchmarks.ResultResilientExecution: .NET 10.0(Runtime=.NET 10.0, Toolchain=net10.0)
// *** Execute ***
// Launch: 1 / 1
// Execute: dotnet "EricksonLopez.Resilience.Benchmarks-.NET 10.0-1.dll" --anonymousPipes 115 116 --benchmarkName EricksonLopez.Resilience.Benchmarks.ResilienceExecutionBenchmarks.ResultResilientExecution --job ".NET 10.0" --benchmarkId 5 in /home/runner/work/dotnet-resilience/dotnet-resilience/benchmarks/EricksonLopez.Resilience.Benchmarks/bin/Release/net10.0/EricksonLopez.Resilience.Benchmarks-.NET 10.0-1/bin/Release/net10.0
// Failed to set up high priority (Permission denied). In order to run benchmarks with high priority, make sure you have the right permissions.
// BeforeAnythingElse

// Benchmark Process Environment Information:
// BenchmarkDotNet v0.15.8
// Runtime=.NET 10.0.12 (10.0.12, 10.0.1226.42308), X64 RyuJIT x86-64-v4
// GC=Concurrent Workstation
// HardwareIntrinsics=AVX512 BITALG+VBMI2+VNNI+VPOPCNTDQ,AVX512 IFMA+VBMI,AVX512 F+BW+CD+DQ+VL,AVX2+BMI1+BMI2+F16C+FMA+LZCNT+MOVBE,AVX,SSE3+SSSE3+SSE4.1+SSE4.2+POPCNT,X86Base+SSE+SSE2,AES+PCLMUL VectorSize=256
// Job: .NET 10.0

OverheadJitting  1: 1 op, 188594.00 ns, 188.5940 us/op
WorkloadJitting  1: 1 op, 13002213.00 ns, 13.0022 ms/op

OverheadJitting  2: 16 op, 259741.00 ns, 16.2338 us/op
WorkloadJitting  2: 16 op, 340592.00 ns, 21.2870 us/op

WorkloadPilot    1: 16 op, 42344.00 ns, 2.6465 us/op
WorkloadPilot    2: 32 op, 69805.00 ns, 2.1814 us/op
WorkloadPilot    3: 64 op, 119970.00 ns, 1.8745 us/op
WorkloadPilot    4: 128 op, 242474.00 ns, 1.8943 us/op
WorkloadPilot    5: 256 op, 452100.00 ns, 1.7660 us/op
WorkloadPilot    6: 512 op, 908776.00 ns, 1.7750 us/op
WorkloadPilot    7: 1024 op, 1743560.00 ns, 1.7027 us/op
WorkloadPilot    8: 2048 op, 3384777.00 ns, 1.6527 us/op
WorkloadPilot    9: 4096 op, 6785609.00 ns, 1.6566 us/op
WorkloadPilot   10: 8192 op, 13831509.00 ns, 1.6884 us/op
WorkloadPilot   11: 16384 op, 27542277.00 ns, 1.6810 us/op
WorkloadPilot   12: 32768 op, 54881890.00 ns, 1.6749 us/op
WorkloadPilot   13: 65536 op, 113701379.00 ns, 1.7349 us/op
WorkloadPilot   14: 131072 op, 64383571.00 ns, 491.2077 ns/op
WorkloadPilot   15: 262144 op, 101003132.00 ns, 385.2964 ns/op
WorkloadPilot   16: 524288 op, 195842681.00 ns, 373.5403 ns/op
WorkloadPilot   17: 1048576 op, 392224512.00 ns, 374.0544 ns/op
WorkloadPilot   18: 2097152 op, 789630731.00 ns, 376.5253 ns/op

OverheadWarmup   1: 2097152 op, 4129167.00 ns, 1.9689 ns/op
OverheadWarmup   2: 2097152 op, 4128916.00 ns, 1.9688 ns/op
OverheadWarmup   3: 2097152 op, 4141184.00 ns, 1.9747 ns/op
OverheadWarmup   4: 2097152 op, 4127694.00 ns, 1.9682 ns/op
OverheadWarmup   5: 2097152 op, 4126262.00 ns, 1.9676 ns/op
OverheadWarmup   6: 2097152 op, 4126162.00 ns, 1.9675 ns/op
OverheadWarmup   7: 2097152 op, 4126413.00 ns, 1.9676 ns/op
OverheadWarmup   8: 2097152 op, 4124680.00 ns, 1.9668 ns/op

OverheadActual   1: 2097152 op, 4139882.00 ns, 1.9740 ns/op
OverheadActual   2: 2097152 op, 4134445.00 ns, 1.9715 ns/op
OverheadActual   3: 2097152 op, 4135015.00 ns, 1.9717 ns/op
OverheadActual   4: 2097152 op, 4128716.00 ns, 1.9687 ns/op
OverheadActual   5: 2097152 op, 4129286.00 ns, 1.9690 ns/op
OverheadActual   6: 2097152 op, 4128706.00 ns, 1.9687 ns/op
OverheadActual   7: 2097152 op, 4129157.00 ns, 1.9689 ns/op
OverheadActual   8: 2097152 op, 4127805.00 ns, 1.9683 ns/op
OverheadActual   9: 2097152 op, 4126352.00 ns, 1.9676 ns/op
OverheadActual  10: 2097152 op, 4133593.00 ns, 1.9711 ns/op
OverheadActual  11: 2097152 op, 4123428.00 ns, 1.9662 ns/op
OverheadActual  12: 2097152 op, 4136126.00 ns, 1.9723 ns/op
OverheadActual  13: 2097152 op, 4158821.00 ns, 1.9831 ns/op
OverheadActual  14: 2097152 op, 4148546.00 ns, 1.9782 ns/op
OverheadActual  15: 2097152 op, 4123678.00 ns, 1.9663 ns/op

WorkloadWarmup   1: 2097152 op, 795486082.00 ns, 379.3173 ns/op
WorkloadWarmup   2: 2097152 op, 793674290.00 ns, 378.4534 ns/op
WorkloadWarmup   3: 2097152 op, 786443460.00 ns, 375.0055 ns/op
WorkloadWarmup   4: 2097152 op, 788659251.00 ns, 376.0620 ns/op
WorkloadWarmup   5: 2097152 op, 788389286.00 ns, 375.9333 ns/op
WorkloadWarmup   6: 2097152 op, 788144708.00 ns, 375.8167 ns/op
WorkloadWarmup   7: 2097152 op, 789196229.00 ns, 376.3181 ns/op
WorkloadWarmup   8: 2097152 op, 790567202.00 ns, 376.9718 ns/op
WorkloadWarmup   9: 2097152 op, 788665787.00 ns, 376.0652 ns/op

// BeforeActualRun
WorkloadActual   1: 2097152 op, 787949321.00 ns, 375.7235 ns/op
WorkloadActual   2: 2097152 op, 814782745.00 ns, 388.5187 ns/op
WorkloadActual   3: 2097152 op, 787259183.00 ns, 375.3944 ns/op
WorkloadActual   4: 2097152 op, 787174206.00 ns, 375.3539 ns/op
WorkloadActual   5: 2097152 op, 790070127.00 ns, 376.7348 ns/op
WorkloadActual   6: 2097152 op, 787952785.00 ns, 375.7252 ns/op
WorkloadActual   7: 2097152 op, 796018997.00 ns, 379.5714 ns/op
WorkloadActual   8: 2097152 op, 789733592.00 ns, 376.5743 ns/op
WorkloadActual   9: 2097152 op, 792872664.00 ns, 378.0711 ns/op
WorkloadActual  10: 2097152 op, 790562271.00 ns, 376.9695 ns/op
WorkloadActual  11: 2097152 op, 789923110.00 ns, 376.6647 ns/op
WorkloadActual  12: 2097152 op, 789978824.00 ns, 376.6913 ns/op
WorkloadActual  13: 2097152 op, 790094257.00 ns, 376.7463 ns/op
WorkloadActual  14: 2097152 op, 790202971.00 ns, 376.7981 ns/op
WorkloadActual  15: 2097152 op, 787663754.00 ns, 375.5873 ns/op

// AfterActualRun
WorkloadResult   1: 2097152 op, 783820035.00 ns, 373.7545 ns/op
WorkloadResult   2: 2097152 op, 783129897.00 ns, 373.4254 ns/op
WorkloadResult   3: 2097152 op, 783044920.00 ns, 373.3849 ns/op
WorkloadResult   4: 2097152 op, 785940841.00 ns, 374.7658 ns/op
WorkloadResult   5: 2097152 op, 783823499.00 ns, 373.7562 ns/op
WorkloadResult   6: 2097152 op, 785604306.00 ns, 374.6053 ns/op
WorkloadResult   7: 2097152 op, 788743378.00 ns, 376.1022 ns/op
WorkloadResult   8: 2097152 op, 786432985.00 ns, 375.0005 ns/op
WorkloadResult   9: 2097152 op, 785793824.00 ns, 374.6957 ns/op
WorkloadResult  10: 2097152 op, 785849538.00 ns, 374.7223 ns/op
WorkloadResult  11: 2097152 op, 785964971.00 ns, 374.7773 ns/op
WorkloadResult  12: 2097152 op, 786073685.00 ns, 374.8291 ns/op
WorkloadResult  13: 2097152 op, 783534468.00 ns, 373.6183 ns/op
// GC:  18 0 0 301989888 2097152
// Threading:  0 0 2097152

// AfterAll
// Benchmark Process 4222 has exited with code 0.

Mean = 374.418 ns, StdErr = 0.217 ns (0.06%), N = 13, StdDev = 0.784 ns
Min = 373.385 ns, Q1 = 373.755 ns, Median = 374.696 ns, Q3 = 374.777 ns, Max = 376.102 ns
IQR = 1.023 ns, LowerFence = 372.220 ns, UpperFence = 376.311 ns
ConfidenceInterval = [373.480 ns; 375.357 ns] (CI 99.9%), Margin = 0.938 ns (0.25% of Mean)
Skewness = 0.32, Kurtosis = 2.27, MValue = 2

// ** Remained 11 (52.4 %) benchmark(s) to run. Estimated finish 2026-09-27 7:26 (0h 3m from now) **
// **************************
// Benchmark: ResilienceExecutionBenchmarks.DirectPollyExecution: .NET 8.0(Runtime=.NET 8.0, Toolchain=net8.0)
// *** Execute ***
// Launch: 1 / 1
// Execute: dotnet "EricksonLopez.Resilience.Benchmarks-.NET 8.0-2.dll" --anonymousPipes 115 116 --benchmarkName EricksonLopez.Resilience.Benchmarks.ResilienceExecutionBenchmarks.DirectPollyExecution --job ".NET 8.0" --benchmarkId 2 in /home/runner/work/dotnet-resilience/dotnet-resilience/benchmarks/EricksonLopez.Resilience.Benchmarks/bin/Release/net10.0/EricksonLopez.Resilience.Benchmarks-.NET 8.0-2/bin/Release/net8.0
// Failed to set up high priority (Permission denied). In order to run benchmarks with high priority, make sure you have the right permissions.
// BeforeAnythingElse

// Benchmark Process Environment Information:
// BenchmarkDotNet v0.15.8
// Runtime=.NET 8.0.31 (8.0.31, 8.0.3126.42015), X64 RyuJIT x86-64-v4
// GC=Concurrent Workstation
// HardwareIntrinsics=AVX512 IFMA+VBMI,AVX512 F+BW+CD+DQ+VL,AVX2+BMI1+BMI2+F16C+FMA+LZCNT+MOVBE,AVX,SSE3+SSSE3+SSE4.1+SSE4.2+POPCNT,X86Base+SSE+SSE2,AES+PCLMUL VectorSize=256
// Job: .NET 8.0

OverheadJitting  1: 1 op, 151057.00 ns, 151.0570 us/op
WorkloadJitting  1: 1 op, 8373957.00 ns, 8.3740 ms/op

OverheadJitting  2: 16 op, 333331.00 ns, 20.8332 us/op
WorkloadJitting  2: 16 op, 343597.00 ns, 21.4748 us/op

WorkloadPilot    1: 16 op, 24416.00 ns, 1.5260 us/op
WorkloadPilot    2: 32 op, 33410.00 ns, 1.0441 us/op
WorkloadPilot    3: 64 op, 58107.00 ns, 907.9219 ns/op
WorkloadPilot    4: 128 op, 124167.00 ns, 970.0547 ns/op
WorkloadPilot    5: 256 op, 209806.00 ns, 819.5547 ns/op
WorkloadPilot    6: 512 op, 408975.00 ns, 798.7793 ns/op
WorkloadPilot    7: 1024 op, 830088.00 ns, 810.6328 ns/op
WorkloadPilot    8: 2048 op, 1645633.00 ns, 803.5317 ns/op
WorkloadPilot    9: 4096 op, 3283625.00 ns, 801.6663 ns/op
WorkloadPilot   10: 8192 op, 6535974.00 ns, 797.8484 ns/op
WorkloadPilot   11: 16384 op, 13131848.00 ns, 801.5044 ns/op
WorkloadPilot   12: 32768 op, 26249814.00 ns, 801.0807 ns/op
WorkloadPilot   13: 65536 op, 52511656.00 ns, 801.2643 ns/op
WorkloadPilot   14: 131072 op, 104218753.00 ns, 795.1260 ns/op
WorkloadPilot   15: 262144 op, 54435528.00 ns, 207.6551 ns/op
WorkloadPilot   16: 524288 op, 119298768.00 ns, 227.5443 ns/op
WorkloadPilot   17: 1048576 op, 231460429.00 ns, 220.7379 ns/op
WorkloadPilot   18: 2097152 op, 476802273.00 ns, 227.3570 ns/op
WorkloadPilot   19: 4194304 op, 950251880.00 ns, 226.5577 ns/op

OverheadWarmup   1: 4194304 op, 8352474.00 ns, 1.9914 ns/op
OverheadWarmup   2: 4194304 op, 8313395.00 ns, 1.9821 ns/op
OverheadWarmup   3: 4194304 op, 8308558.00 ns, 1.9809 ns/op
OverheadWarmup   4: 4194304 op, 8315799.00 ns, 1.9826 ns/op
OverheadWarmup   5: 4194304 op, 8307557.00 ns, 1.9807 ns/op
OverheadWarmup   6: 4194304 op, 8305464.00 ns, 1.9802 ns/op
OverheadWarmup   7: 4194304 op, 8305734.00 ns, 1.9802 ns/op
OverheadWarmup   8: 4194304 op, 8306996.00 ns, 1.9805 ns/op
OverheadWarmup   9: 4194304 op, 8304993.00 ns, 1.9801 ns/op

OverheadActual   1: 4194304 op, 8308608.00 ns, 1.9809 ns/op
OverheadActual   2: 4194304 op, 9062091.00 ns, 2.1606 ns/op
OverheadActual   3: 4194304 op, 8341778.00 ns, 1.9888 ns/op
OverheadActual   4: 4194304 op, 8322108.00 ns, 1.9841 ns/op
OverheadActual   5: 4194304 op, 8299254.00 ns, 1.9787 ns/op
OverheadActual   6: 4194304 op, 8321056.00 ns, 1.9839 ns/op
OverheadActual   7: 4194304 op, 8321698.00 ns, 1.9840 ns/op
OverheadActual   8: 4194304 op, 8298112.00 ns, 1.9784 ns/op
OverheadActual   9: 4194304 op, 8300837.00 ns, 1.9791 ns/op
OverheadActual  10: 4194304 op, 8298753.00 ns, 1.9786 ns/op
OverheadActual  11: 4194304 op, 8312093.00 ns, 1.9818 ns/op
OverheadActual  12: 4194304 op, 9928543.00 ns, 2.3671 ns/op
OverheadActual  13: 4194304 op, 8344212.00 ns, 1.9894 ns/op
OverheadActual  14: 4194304 op, 8358132.00 ns, 1.9927 ns/op
OverheadActual  15: 4194304 op, 8311983.00 ns, 1.9817 ns/op

WorkloadWarmup   1: 4194304 op, 925334296.00 ns, 220.6169 ns/op
WorkloadWarmup   2: 4194304 op, 963706721.00 ns, 229.7656 ns/op
WorkloadWarmup   3: 4194304 op, 875192581.00 ns, 208.6622 ns/op
WorkloadWarmup   4: 4194304 op, 949508111.00 ns, 226.3804 ns/op
WorkloadWarmup   5: 4194304 op, 951544630.00 ns, 226.8659 ns/op
WorkloadWarmup   6: 4194304 op, 873350793.00 ns, 208.2231 ns/op

// BeforeActualRun
WorkloadActual   1: 4194304 op, 951177369.00 ns, 226.7784 ns/op
WorkloadActual   2: 4194304 op, 874555213.00 ns, 208.5102 ns/op
WorkloadActual   3: 4194304 op, 936881364.00 ns, 223.3699 ns/op
WorkloadActual   4: 4194304 op, 944669789.00 ns, 225.2268 ns/op
WorkloadActual   5: 4194304 op, 950411419.00 ns, 226.5957 ns/op
WorkloadActual   6: 4194304 op, 945142078.00 ns, 225.3394 ns/op
WorkloadActual   7: 4194304 op, 921742357.00 ns, 219.7605 ns/op
WorkloadActual   8: 4194304 op, 918479933.00 ns, 218.9827 ns/op
WorkloadActual   9: 4194304 op, 873963773.00 ns, 208.3692 ns/op
WorkloadActual  10: 4194304 op, 931141485.00 ns, 222.0014 ns/op
WorkloadActual  11: 4194304 op, 875500292.00 ns, 208.7355 ns/op
WorkloadActual  12: 4194304 op, 951271347.00 ns, 226.8008 ns/op
WorkloadActual  13: 4194304 op, 950494509.00 ns, 226.6156 ns/op
WorkloadActual  14: 4194304 op, 966950033.00 ns, 230.5389 ns/op
WorkloadActual  15: 4194304 op, 948147652.00 ns, 226.0560 ns/op
WorkloadActual  16: 4194304 op, 935763817.00 ns, 223.1035 ns/op
WorkloadActual  17: 4194304 op, 925174100.00 ns, 220.5787 ns/op
WorkloadActual  18: 4194304 op, 875310260.00 ns, 208.6902 ns/op
WorkloadActual  19: 4194304 op, 871515707.00 ns, 207.7855 ns/op
WorkloadActual  20: 4194304 op, 950970666.00 ns, 226.7291 ns/op
WorkloadActual  21: 4194304 op, 946237621.00 ns, 225.6006 ns/op
WorkloadActual  22: 4194304 op, 874206999.00 ns, 208.4272 ns/op
WorkloadActual  23: 4194304 op, 949673145.00 ns, 226.4197 ns/op
WorkloadActual  24: 4194304 op, 949260775.00 ns, 226.3214 ns/op
WorkloadActual  25: 4194304 op, 889410632.00 ns, 212.0520 ns/op
WorkloadActual  26: 4194304 op, 873624413.00 ns, 208.2883 ns/op
WorkloadActual  27: 4194304 op, 874338837.00 ns, 208.4586 ns/op
WorkloadActual  28: 4194304 op, 935732700.00 ns, 223.0961 ns/op
WorkloadActual  29: 4194304 op, 948411210.00 ns, 226.1189 ns/op
WorkloadActual  30: 4194304 op, 875690645.00 ns, 208.7809 ns/op
WorkloadActual  31: 4194304 op, 875660820.00 ns, 208.7738 ns/op
WorkloadActual  32: 4194304 op, 944527463.00 ns, 225.1929 ns/op
WorkloadActual  33: 4194304 op, 944701875.00 ns, 225.2345 ns/op
WorkloadActual  34: 4194304 op, 874038543.00 ns, 208.3870 ns/op
WorkloadActual  35: 4194304 op, 949025524.00 ns, 226.2653 ns/op
WorkloadActual  36: 4194304 op, 874800718.00 ns, 208.5687 ns/op
WorkloadActual  37: 4194304 op, 947540782.00 ns, 225.9113 ns/op
WorkloadActual  38: 4194304 op, 873863559.00 ns, 208.3453 ns/op
WorkloadActual  39: 4194304 op, 947319569.00 ns, 225.8586 ns/op
WorkloadActual  40: 4194304 op, 872804417.00 ns, 208.0928 ns/op
WorkloadActual  41: 4194304 op, 874189830.00 ns, 208.4231 ns/op
WorkloadActual  42: 4194304 op, 876037076.00 ns, 208.8635 ns/op
WorkloadActual  43: 4194304 op, 947717988.00 ns, 225.9536 ns/op
WorkloadActual  44: 4194304 op, 874113454.00 ns, 208.4049 ns/op
WorkloadActual  45: 4194304 op, 873635005.00 ns, 208.2908 ns/op
WorkloadActual  46: 4194304 op, 952011895.00 ns, 226.9773 ns/op
WorkloadActual  47: 4194304 op, 950145555.00 ns, 226.5324 ns/op

// AfterActualRun
WorkloadResult   1: 4194304 op, 942856313.00 ns, 224.7945 ns/op
WorkloadResult   2: 4194304 op, 866234157.00 ns, 206.5263 ns/op
WorkloadResult   3: 4194304 op, 928560308.00 ns, 221.3860 ns/op
WorkloadResult   4: 4194304 op, 936348733.00 ns, 223.2429 ns/op
WorkloadResult   5: 4194304 op, 942090363.00 ns, 224.6118 ns/op
WorkloadResult   6: 4194304 op, 936821022.00 ns, 223.3555 ns/op
WorkloadResult   7: 4194304 op, 913421301.00 ns, 217.7766 ns/op
WorkloadResult   8: 4194304 op, 910158877.00 ns, 216.9988 ns/op
WorkloadResult   9: 4194304 op, 865642717.00 ns, 206.3853 ns/op
WorkloadResult  10: 4194304 op, 922820429.00 ns, 220.0175 ns/op
WorkloadResult  11: 4194304 op, 867179236.00 ns, 206.7516 ns/op
WorkloadResult  12: 4194304 op, 942950291.00 ns, 224.8169 ns/op
WorkloadResult  13: 4194304 op, 942173453.00 ns, 224.6317 ns/op
WorkloadResult  14: 4194304 op, 958628977.00 ns, 228.5550 ns/op
WorkloadResult  15: 4194304 op, 939826596.00 ns, 224.0721 ns/op
WorkloadResult  16: 4194304 op, 927442761.00 ns, 221.1196 ns/op
WorkloadResult  17: 4194304 op, 916853044.00 ns, 218.5948 ns/op
WorkloadResult  18: 4194304 op, 866989204.00 ns, 206.7063 ns/op
WorkloadResult  19: 4194304 op, 863194651.00 ns, 205.8016 ns/op
WorkloadResult  20: 4194304 op, 942649610.00 ns, 224.7452 ns/op
WorkloadResult  21: 4194304 op, 937916565.00 ns, 223.6167 ns/op
WorkloadResult  22: 4194304 op, 865885943.00 ns, 206.4433 ns/op
WorkloadResult  23: 4194304 op, 941352089.00 ns, 224.4358 ns/op
WorkloadResult  24: 4194304 op, 940939719.00 ns, 224.3375 ns/op
WorkloadResult  25: 4194304 op, 881089576.00 ns, 210.0681 ns/op
WorkloadResult  26: 4194304 op, 865303357.00 ns, 206.3044 ns/op
WorkloadResult  27: 4194304 op, 866017781.00 ns, 206.4747 ns/op
WorkloadResult  28: 4194304 op, 927411644.00 ns, 221.1122 ns/op
WorkloadResult  29: 4194304 op, 940090154.00 ns, 224.1350 ns/op
WorkloadResult  30: 4194304 op, 867369589.00 ns, 206.7970 ns/op
WorkloadResult  31: 4194304 op, 867339764.00 ns, 206.7899 ns/op
WorkloadResult  32: 4194304 op, 936206407.00 ns, 223.2090 ns/op
WorkloadResult  33: 4194304 op, 936380819.00 ns, 223.2506 ns/op
WorkloadResult  34: 4194304 op, 865717487.00 ns, 206.4031 ns/op
WorkloadResult  35: 4194304 op, 940704468.00 ns, 224.2814 ns/op
WorkloadResult  36: 4194304 op, 866479662.00 ns, 206.5848 ns/op
WorkloadResult  37: 4194304 op, 939219726.00 ns, 223.9274 ns/op
WorkloadResult  38: 4194304 op, 865542503.00 ns, 206.3614 ns/op
WorkloadResult  39: 4194304 op, 938998513.00 ns, 223.8747 ns/op
WorkloadResult  40: 4194304 op, 864483361.00 ns, 206.1089 ns/op
WorkloadResult  41: 4194304 op, 865868774.00 ns, 206.4392 ns/op
WorkloadResult  42: 4194304 op, 867716020.00 ns, 206.8796 ns/op
WorkloadResult  43: 4194304 op, 939396932.00 ns, 223.9697 ns/op
WorkloadResult  44: 4194304 op, 865792398.00 ns, 206.4210 ns/op
WorkloadResult  45: 4194304 op, 865313949.00 ns, 206.3069 ns/op
WorkloadResult  46: 4194304 op, 943690839.00 ns, 224.9934 ns/op
WorkloadResult  47: 4194304 op, 941824499.00 ns, 224.5485 ns/op
// GC:  0 0 0 0 4194304
// Threading:  0 0 4194304

// AfterAll
// Benchmark Process 4243 has exited with code 0.

Mean = 216.489 ns, StdErr = 1.228 ns (0.57%), N = 47, StdDev = 8.415 ns
Min = 205.802 ns, Q1 = 206.556 ns, Median = 221.112 ns, Q3 = 224.104 ns, Max = 228.555 ns
IQR = 17.548 ns, LowerFence = 180.234 ns, UpperFence = 250.425 ns
ConfidenceInterval = [212.174 ns; 220.803 ns] (CI 99.9%), Margin = 4.315 ns (1.99% of Mean)
Skewness = -0.26, Kurtosis = 1.18, MValue = 3.33

// ** Remained 10 (47.6 %) benchmark(s) to run. Estimated finish 2026-09-27 7:28 (0h 3m from now) **
// **************************
// Benchmark: ResilienceExecutionBenchmarks.EcosystemPipelineExecution: .NET 8.0(Runtime=.NET 8.0, Toolchain=net8.0)
// *** Execute ***
// Launch: 1 / 1
// Execute: dotnet "EricksonLopez.Resilience.Benchmarks-.NET 8.0-2.dll" --anonymousPipes 115 116 --benchmarkName EricksonLopez.Resilience.Benchmarks.ResilienceExecutionBenchmarks.EcosystemPipelineExecution --job ".NET 8.0" --benchmarkId 3 in /home/runner/work/dotnet-resilience/dotnet-resilience/benchmarks/EricksonLopez.Resilience.Benchmarks/bin/Release/net10.0/EricksonLopez.Resilience.Benchmarks-.NET 8.0-2/bin/Release/net8.0
// Failed to set up high priority (Permission denied). In order to run benchmarks with high priority, make sure you have the right permissions.
// BeforeAnythingElse

// Benchmark Process Environment Information:
// BenchmarkDotNet v0.15.8
// Runtime=.NET 8.0.31 (8.0.31, 8.0.3126.42015), X64 RyuJIT x86-64-v4
// GC=Concurrent Workstation
// HardwareIntrinsics=AVX512 IFMA+VBMI,AVX512 F+BW+CD+DQ+VL,AVX2+BMI1+BMI2+F16C+FMA+LZCNT+MOVBE,AVX,SSE3+SSSE3+SSE4.1+SSE4.2+POPCNT,X86Base+SSE+SSE2,AES+PCLMUL VectorSize=256
// Job: .NET 8.0

OverheadJitting  1: 1 op, 141002.00 ns, 141.0020 us/op
WorkloadJitting  1: 1 op, 10206293.00 ns, 10.2063 ms/op

OverheadJitting  2: 16 op, 271739.00 ns, 16.9837 us/op
WorkloadJitting  2: 16 op, 399751.00 ns, 24.9844 us/op

WorkloadPilot    1: 16 op, 34131.00 ns, 2.1332 us/op
WorkloadPilot    2: 32 op, 63646.00 ns, 1.9889 us/op
WorkloadPilot    3: 64 op, 109324.00 ns, 1.7082 us/op
WorkloadPilot    4: 128 op, 216485.00 ns, 1.6913 us/op
WorkloadPilot    5: 256 op, 410798.00 ns, 1.6047 us/op
WorkloadPilot    6: 512 op, 781355.00 ns, 1.5261 us/op
WorkloadPilot    7: 1024 op, 1519354.00 ns, 1.4837 us/op
WorkloadPilot    8: 2048 op, 2962334.00 ns, 1.4465 us/op
WorkloadPilot    9: 4096 op, 5894000.00 ns, 1.4390 us/op
WorkloadPilot   10: 8192 op, 12072619.00 ns, 1.4737 us/op
WorkloadPilot   11: 16384 op, 23919027.00 ns, 1.4599 us/op
WorkloadPilot   12: 32768 op, 47609070.00 ns, 1.4529 us/op
WorkloadPilot   13: 65536 op, 99133116.00 ns, 1.5127 us/op
WorkloadPilot   14: 131072 op, 76311608.00 ns, 582.2114 ns/op
WorkloadPilot   15: 262144 op, 100741934.00 ns, 384.3000 ns/op
WorkloadPilot   16: 524288 op, 195364059.00 ns, 372.6274 ns/op
WorkloadPilot   17: 1048576 op, 391966910.00 ns, 373.8088 ns/op
WorkloadPilot   18: 2097152 op, 782162417.00 ns, 372.9641 ns/op

OverheadWarmup   1: 2097152 op, 4238833.00 ns, 2.0212 ns/op
OverheadWarmup   2: 2097152 op, 4240524.00 ns, 2.0220 ns/op
OverheadWarmup   3: 2097152 op, 4237911.00 ns, 2.0208 ns/op
OverheadWarmup   4: 2097152 op, 4226594.00 ns, 2.0154 ns/op
OverheadWarmup   5: 2097152 op, 4222999.00 ns, 2.0137 ns/op
OverheadWarmup   6: 2097152 op, 4227215.00 ns, 2.0157 ns/op
OverheadWarmup   7: 2097152 op, 4267135.00 ns, 2.0347 ns/op
OverheadWarmup   8: 2097152 op, 4273094.00 ns, 2.0376 ns/op
OverheadWarmup   9: 2097152 op, 4264441.00 ns, 2.0334 ns/op

OverheadActual   1: 2097152 op, 4263098.00 ns, 2.0328 ns/op
OverheadActual   2: 2097152 op, 4249959.00 ns, 2.0265 ns/op
OverheadActual   3: 2097152 op, 4252112.00 ns, 2.0276 ns/op
OverheadActual   4: 2097152 op, 4237971.00 ns, 2.0208 ns/op
OverheadActual   5: 2097152 op, 4253805.00 ns, 2.0284 ns/op
OverheadActual   6: 2097152 op, 4257780.00 ns, 2.0303 ns/op
OverheadActual   7: 2097152 op, 4233464.00 ns, 2.0187 ns/op
OverheadActual   8: 2097152 op, 4223409.00 ns, 2.0139 ns/op
OverheadActual   9: 2097152 op, 4222528.00 ns, 2.0135 ns/op
OverheadActual  10: 2097152 op, 4224781.00 ns, 2.0145 ns/op
OverheadActual  11: 2097152 op, 4228286.00 ns, 2.0162 ns/op
OverheadActual  12: 2097152 op, 4241005.00 ns, 2.0223 ns/op
OverheadActual  13: 2097152 op, 4256349.00 ns, 2.0296 ns/op
OverheadActual  14: 2097152 op, 4227715.00 ns, 2.0159 ns/op
OverheadActual  15: 2097152 op, 4329058.00 ns, 2.0643 ns/op

WorkloadWarmup   1: 2097152 op, 794069597.00 ns, 378.6419 ns/op
WorkloadWarmup   2: 2097152 op, 792770554.00 ns, 378.0225 ns/op
WorkloadWarmup   3: 2097152 op, 787665319.00 ns, 375.5881 ns/op
WorkloadWarmup   4: 2097152 op, 789215980.00 ns, 376.3275 ns/op
WorkloadWarmup   5: 2097152 op, 787556395.00 ns, 375.5362 ns/op
WorkloadWarmup   6: 2097152 op, 787083658.00 ns, 375.3107 ns/op
WorkloadWarmup   7: 2097152 op, 787327436.00 ns, 375.4270 ns/op
WorkloadWarmup   8: 2097152 op, 797042449.00 ns, 380.0595 ns/op
WorkloadWarmup   9: 2097152 op, 787730302.00 ns, 375.6191 ns/op

// BeforeActualRun
WorkloadActual   1: 2097152 op, 790270380.00 ns, 376.8303 ns/op
WorkloadActual   2: 2097152 op, 789933813.00 ns, 376.6698 ns/op
WorkloadActual   3: 2097152 op, 797766007.00 ns, 380.4045 ns/op
WorkloadActual   4: 2097152 op, 790132882.00 ns, 376.7647 ns/op
WorkloadActual   5: 2097152 op, 788158025.00 ns, 375.8230 ns/op
WorkloadActual   6: 2097152 op, 788698747.00 ns, 376.0809 ns/op
WorkloadActual   7: 2097152 op, 789554094.00 ns, 376.4887 ns/op
WorkloadActual   8: 2097152 op, 788828255.00 ns, 376.1426 ns/op
WorkloadActual   9: 2097152 op, 787604085.00 ns, 375.5589 ns/op
WorkloadActual  10: 2097152 op, 785526372.00 ns, 374.5682 ns/op
WorkloadActual  11: 2097152 op, 786545533.00 ns, 375.0541 ns/op
WorkloadActual  12: 2097152 op, 789625673.00 ns, 376.5229 ns/op
WorkloadActual  13: 2097152 op, 787354840.00 ns, 375.4400 ns/op
WorkloadActual  14: 2097152 op, 785825252.00 ns, 374.7107 ns/op
WorkloadActual  15: 2097152 op, 787458426.00 ns, 375.4894 ns/op

// AfterActualRun
WorkloadResult   1: 2097152 op, 786029375.00 ns, 374.8080 ns/op
WorkloadResult   2: 2097152 op, 785692808.00 ns, 374.6475 ns/op
WorkloadResult   3: 2097152 op, 785891877.00 ns, 374.7424 ns/op
WorkloadResult   4: 2097152 op, 783917020.00 ns, 373.8008 ns/op
WorkloadResult   5: 2097152 op, 784457742.00 ns, 374.0586 ns/op
WorkloadResult   6: 2097152 op, 785313089.00 ns, 374.4665 ns/op
WorkloadResult   7: 2097152 op, 784587250.00 ns, 374.1204 ns/op
WorkloadResult   8: 2097152 op, 783363080.00 ns, 373.5366 ns/op
WorkloadResult   9: 2097152 op, 781285367.00 ns, 372.5459 ns/op
WorkloadResult  10: 2097152 op, 782304528.00 ns, 373.0319 ns/op
WorkloadResult  11: 2097152 op, 785384668.00 ns, 374.5006 ns/op
WorkloadResult  12: 2097152 op, 783113835.00 ns, 373.4178 ns/op
WorkloadResult  13: 2097152 op, 781584247.00 ns, 372.6884 ns/op
WorkloadResult  14: 2097152 op, 783217421.00 ns, 373.4672 ns/op
// GC:  18 0 0 301989888 2097152
// Threading:  0 0 2097152

// AfterAll
// Benchmark Process 4292 has exited with code 0.

Mean = 373.845 ns, StdErr = 0.202 ns (0.05%), N = 14, StdDev = 0.756 ns
Min = 372.546 ns, Q1 = 373.430 ns, Median = 373.930 ns, Q3 = 374.492 ns, Max = 374.808 ns
IQR = 1.062 ns, LowerFence = 371.837 ns, UpperFence = 376.085 ns
ConfidenceInterval = [372.993 ns; 374.698 ns] (CI 99.9%), Margin = 0.852 ns (0.23% of Mean)
Skewness = -0.29, Kurtosis = 1.62, MValue = 2

// ** Remained 9 (42.9 %) benchmark(s) to run. Estimated finish 2026-09-27 7:28 (0h 3m from now) **
// **************************
// Benchmark: ResilienceExecutionBenchmarks.EcosystemExecutorExecution: .NET 8.0(Runtime=.NET 8.0, Toolchain=net8.0)
// *** Execute ***
// Launch: 1 / 1
// Execute: dotnet "EricksonLopez.Resilience.Benchmarks-.NET 8.0-2.dll" --anonymousPipes 115 116 --benchmarkName EricksonLopez.Resilience.Benchmarks.ResilienceExecutionBenchmarks.EcosystemExecutorExecution --job ".NET 8.0" --benchmarkId 4 in /home/runner/work/dotnet-resilience/dotnet-resilience/benchmarks/EricksonLopez.Resilience.Benchmarks/bin/Release/net10.0/EricksonLopez.Resilience.Benchmarks-.NET 8.0-2/bin/Release/net8.0
// Failed to set up high priority (Permission denied). In order to run benchmarks with high priority, make sure you have the right permissions.
// BeforeAnythingElse

// Benchmark Process Environment Information:
// BenchmarkDotNet v0.15.8
// Runtime=.NET 8.0.31 (8.0.31, 8.0.3126.42015), X64 RyuJIT x86-64-v4
// GC=Concurrent Workstation
// HardwareIntrinsics=AVX512 IFMA+VBMI,AVX512 F+BW+CD+DQ+VL,AVX2+BMI1+BMI2+F16C+FMA+LZCNT+MOVBE,AVX,SSE3+SSSE3+SSE4.1+SSE4.2+POPCNT,X86Base+SSE+SSE2,AES+PCLMUL VectorSize=256
// Job: .NET 8.0

OverheadJitting  1: 1 op, 139530.00 ns, 139.5300 us/op
WorkloadJitting  1: 1 op, 16822746.00 ns, 16.8227 ms/op

OverheadJitting  2: 16 op, 267622.00 ns, 16.7264 us/op
WorkloadJitting  2: 16 op, 366300.00 ns, 22.8938 us/op

WorkloadPilot    1: 16 op, 52079.00 ns, 3.2549 us/op
WorkloadPilot    2: 32 op, 100902.00 ns, 3.1532 us/op
WorkloadPilot    3: 64 op, 140371.00 ns, 2.1933 us/op
WorkloadPilot    4: 128 op, 256085.00 ns, 2.0007 us/op
WorkloadPilot    5: 256 op, 493342.00 ns, 1.9271 us/op
WorkloadPilot    6: 512 op, 974405.00 ns, 1.9031 us/op
WorkloadPilot    7: 1024 op, 1931523.00 ns, 1.8863 us/op
WorkloadPilot    8: 2048 op, 3766662.00 ns, 1.8392 us/op
WorkloadPilot    9: 4096 op, 7479222.00 ns, 1.8260 us/op
WorkloadPilot   10: 8192 op, 15278645.00 ns, 1.8651 us/op
WorkloadPilot   11: 16384 op, 30351290.00 ns, 1.8525 us/op
WorkloadPilot   12: 32768 op, 60365033.00 ns, 1.8422 us/op
WorkloadPilot   13: 65536 op, 116448591.00 ns, 1.7769 us/op
WorkloadPilot   14: 131072 op, 74028731.00 ns, 564.7944 ns/op
WorkloadPilot   15: 262144 op, 138531944.00 ns, 528.4574 ns/op
WorkloadPilot   16: 524288 op, 272016041.00 ns, 518.8294 ns/op
WorkloadPilot   17: 1048576 op, 545136163.00 ns, 519.8824 ns/op

OverheadWarmup   1: 1048576 op, 2104032.00 ns, 2.0066 ns/op
OverheadWarmup   2: 1048576 op, 2170492.00 ns, 2.0699 ns/op
OverheadWarmup   3: 1048576 op, 2087368.00 ns, 1.9907 ns/op
OverheadWarmup   4: 1048576 op, 2087778.00 ns, 1.9911 ns/op
OverheadWarmup   5: 1048576 op, 2101789.00 ns, 2.0044 ns/op
OverheadWarmup   6: 1048576 op, 2079566.00 ns, 1.9832 ns/op

OverheadActual   1: 1048576 op, 2173247.00 ns, 2.0726 ns/op
OverheadActual   2: 1048576 op, 2083302.00 ns, 1.9868 ns/op
OverheadActual   3: 1048576 op, 2079787.00 ns, 1.9834 ns/op
OverheadActual   4: 1048576 op, 2996654.00 ns, 2.8578 ns/op
OverheadActual   5: 1048576 op, 2083112.00 ns, 1.9866 ns/op
OverheadActual   6: 1048576 op, 2080827.00 ns, 1.9844 ns/op
OverheadActual   7: 1048576 op, 2083411.00 ns, 1.9869 ns/op
OverheadActual   8: 1048576 op, 2090042.00 ns, 1.9932 ns/op
OverheadActual   9: 1048576 op, 2079255.00 ns, 1.9829 ns/op
OverheadActual  10: 1048576 op, 2088620.00 ns, 1.9919 ns/op
OverheadActual  11: 1048576 op, 2087238.00 ns, 1.9905 ns/op
OverheadActual  12: 1048576 op, 2091644.00 ns, 1.9947 ns/op
OverheadActual  13: 1048576 op, 2093998.00 ns, 1.9970 ns/op
OverheadActual  14: 1048576 op, 2093307.00 ns, 1.9963 ns/op
OverheadActual  15: 1048576 op, 2093687.00 ns, 1.9967 ns/op

WorkloadWarmup   1: 1048576 op, 570227377.00 ns, 543.8112 ns/op
WorkloadWarmup   2: 1048576 op, 561243443.00 ns, 535.2435 ns/op
WorkloadWarmup   3: 1048576 op, 543511491.00 ns, 518.3329 ns/op
WorkloadWarmup   4: 1048576 op, 543338931.00 ns, 518.1684 ns/op
WorkloadWarmup   5: 1048576 op, 543065951.00 ns, 517.9080 ns/op
WorkloadWarmup   6: 1048576 op, 550989871.00 ns, 525.4649 ns/op
WorkloadWarmup   7: 1048576 op, 542445298.00 ns, 517.3161 ns/op
WorkloadWarmup   8: 1048576 op, 544293436.00 ns, 519.0787 ns/op
WorkloadWarmup   9: 1048576 op, 544133486.00 ns, 518.9261 ns/op

// BeforeActualRun
WorkloadActual   1: 1048576 op, 548700610.00 ns, 523.2817 ns/op
WorkloadActual   2: 1048576 op, 544109921.00 ns, 518.9037 ns/op
WorkloadActual   3: 1048576 op, 545392338.00 ns, 520.1267 ns/op
WorkloadActual   4: 1048576 op, 547229295.00 ns, 521.8785 ns/op
WorkloadActual   5: 1048576 op, 544914212.00 ns, 519.6707 ns/op
WorkloadActual   6: 1048576 op, 535068493.00 ns, 510.2811 ns/op
WorkloadActual   7: 1048576 op, 544511086.00 ns, 519.2862 ns/op
WorkloadActual   8: 1048576 op, 546201516.00 ns, 520.8984 ns/op
WorkloadActual   9: 1048576 op, 544319528.00 ns, 519.1036 ns/op
WorkloadActual  10: 1048576 op, 542903209.00 ns, 517.7528 ns/op
WorkloadActual  11: 1048576 op, 546175097.00 ns, 520.8732 ns/op
WorkloadActual  12: 1048576 op, 544243484.00 ns, 519.0310 ns/op
WorkloadActual  13: 1048576 op, 545621966.00 ns, 520.3457 ns/op
WorkloadActual  14: 1048576 op, 543800307.00 ns, 518.6084 ns/op
WorkloadActual  15: 1048576 op, 543995951.00 ns, 518.7950 ns/op

// AfterActualRun
WorkloadResult   1: 1048576 op, 542021301.00 ns, 516.9118 ns/op
WorkloadResult   2: 1048576 op, 543303718.00 ns, 518.1348 ns/op
WorkloadResult   3: 1048576 op, 545140675.00 ns, 519.8867 ns/op
WorkloadResult   4: 1048576 op, 542825592.00 ns, 517.6788 ns/op
WorkloadResult   5: 1048576 op, 532979873.00 ns, 508.2892 ns/op
WorkloadResult   6: 1048576 op, 542422466.00 ns, 517.2944 ns/op
WorkloadResult   7: 1048576 op, 544112896.00 ns, 518.9065 ns/op
WorkloadResult   8: 1048576 op, 542230908.00 ns, 517.1117 ns/op
WorkloadResult   9: 1048576 op, 540814589.00 ns, 515.7610 ns/op
WorkloadResult  10: 1048576 op, 544086477.00 ns, 518.8813 ns/op
WorkloadResult  11: 1048576 op, 542154864.00 ns, 517.0392 ns/op
WorkloadResult  12: 1048576 op, 543533346.00 ns, 518.3538 ns/op
WorkloadResult  13: 1048576 op, 541711687.00 ns, 516.6165 ns/op
WorkloadResult  14: 1048576 op, 541907331.00 ns, 516.8031 ns/op
// GC:  9 0 0 150994944 1048576
// Threading:  0 0 1048576

// AfterAll
// Benchmark Process 4312 has exited with code 0.

Mean = 516.976 ns, StdErr = 0.729 ns (0.14%), N = 14, StdDev = 2.729 ns
Min = 508.289 ns, Q1 = 516.830 ns, Median = 517.203 ns, Q3 = 518.299 ns, Max = 519.887 ns
IQR = 1.469 ns, LowerFence = 514.627 ns, UpperFence = 520.502 ns
ConfidenceInterval = [513.898 ns; 520.054 ns] (CI 99.9%), Margin = 3.078 ns (0.60% of Mean)
Skewness = -2.16, Kurtosis = 7.48, MValue = 2

// ** Remained 8 (38.1 %) benchmark(s) to run. Estimated finish 2026-09-27 7:27 (0h 2m from now) **
// **************************
// Benchmark: ResilienceExecutionBenchmarks.ResultResilientExecution: .NET 8.0(Runtime=.NET 8.0, Toolchain=net8.0)
// *** Execute ***
// Launch: 1 / 1
// Execute: dotnet "EricksonLopez.Resilience.Benchmarks-.NET 8.0-2.dll" --anonymousPipes 115 116 --benchmarkName EricksonLopez.Resilience.Benchmarks.ResilienceExecutionBenchmarks.ResultResilientExecution --job ".NET 8.0" --benchmarkId 5 in /home/runner/work/dotnet-resilience/dotnet-resilience/benchmarks/EricksonLopez.Resilience.Benchmarks/bin/Release/net10.0/EricksonLopez.Resilience.Benchmarks-.NET 8.0-2/bin/Release/net8.0
// Failed to set up high priority (Permission denied). In order to run benchmarks with high priority, make sure you have the right permissions.
// BeforeAnythingElse

// Benchmark Process Environment Information:
// BenchmarkDotNet v0.15.8
// Runtime=.NET 8.0.31 (8.0.31, 8.0.3126.42015), X64 RyuJIT x86-64-v4
// GC=Concurrent Workstation
// HardwareIntrinsics=AVX512 IFMA+VBMI,AVX512 F+BW+CD+DQ+VL,AVX2+BMI1+BMI2+F16C+FMA+LZCNT+MOVBE,AVX,SSE3+SSSE3+SSE4.1+SSE4.2+POPCNT,X86Base+SSE+SSE2,AES+PCLMUL VectorSize=256
// Job: .NET 8.0

OverheadJitting  1: 1 op, 158889.00 ns, 158.8890 us/op
WorkloadJitting  1: 1 op, 11280125.00 ns, 11.2801 ms/op

OverheadJitting  2: 16 op, 163246.00 ns, 10.2029 us/op
WorkloadJitting  2: 16 op, 286441.00 ns, 17.9026 us/op

WorkloadPilot    1: 16 op, 37817.00 ns, 2.3636 us/op
WorkloadPilot    2: 32 op, 69665.00 ns, 2.1770 us/op
WorkloadPilot    3: 64 op, 119790.00 ns, 1.8717 us/op
WorkloadPilot    4: 128 op, 225459.00 ns, 1.7614 us/op
WorkloadPilot    5: 256 op, 445630.00 ns, 1.7407 us/op
WorkloadPilot    6: 512 op, 888085.00 ns, 1.7345 us/op
WorkloadPilot    7: 1024 op, 1718893.00 ns, 1.6786 us/op
WorkloadPilot    8: 2048 op, 3413731.00 ns, 1.6669 us/op
WorkloadPilot    9: 4096 op, 6791569.00 ns, 1.6581 us/op
WorkloadPilot   10: 8192 op, 13899151.00 ns, 1.6967 us/op
WorkloadPilot   11: 16384 op, 27264881.00 ns, 1.6641 us/op
WorkloadPilot   12: 32768 op, 54353437.00 ns, 1.6587 us/op
WorkloadPilot   13: 65536 op, 116720499.00 ns, 1.7810 us/op
WorkloadPilot   14: 131072 op, 68630556.00 ns, 523.6096 ns/op
WorkloadPilot   15: 262144 op, 125068537.00 ns, 477.0986 ns/op
WorkloadPilot   16: 524288 op, 245254163.00 ns, 467.7852 ns/op
WorkloadPilot   17: 1048576 op, 489925652.00 ns, 467.2295 ns/op
WorkloadPilot   18: 2097152 op, 983272962.00 ns, 468.8611 ns/op

OverheadWarmup   1: 2097152 op, 4735008.00 ns, 2.2578 ns/op
OverheadWarmup   2: 2097152 op, 4754517.00 ns, 2.2671 ns/op
OverheadWarmup   3: 2097152 op, 4739985.00 ns, 2.2602 ns/op
OverheadWarmup   4: 2097152 op, 4742519.00 ns, 2.2614 ns/op
OverheadWarmup   5: 2097152 op, 4723120.00 ns, 2.2522 ns/op

OverheadActual   1: 2097152 op, 4744071.00 ns, 2.2621 ns/op
OverheadActual   2: 2097152 op, 4732774.00 ns, 2.2568 ns/op
OverheadActual   3: 2097152 op, 4798883.00 ns, 2.2883 ns/op
OverheadActual   4: 2097152 op, 4742018.00 ns, 2.2612 ns/op
OverheadActual   5: 2097152 op, 4753476.00 ns, 2.2666 ns/op
OverheadActual   6: 2097152 op, 4726806.00 ns, 2.2539 ns/op
OverheadActual   7: 2097152 op, 4721958.00 ns, 2.2516 ns/op
OverheadActual   8: 2097152 op, 4744401.00 ns, 2.2623 ns/op
OverheadActual   9: 2097152 op, 4725063.00 ns, 2.2531 ns/op
OverheadActual  10: 2097152 op, 4723931.00 ns, 2.2525 ns/op
OverheadActual  11: 2097152 op, 4733835.00 ns, 2.2573 ns/op
OverheadActual  12: 2097152 op, 4727286.00 ns, 2.2541 ns/op
OverheadActual  13: 2097152 op, 4741478.00 ns, 2.2609 ns/op
OverheadActual  14: 2097152 op, 4750311.00 ns, 2.2651 ns/op
OverheadActual  15: 2097152 op, 4770972.00 ns, 2.2750 ns/op

WorkloadWarmup   1: 2097152 op, 988744115.00 ns, 471.4699 ns/op
WorkloadWarmup   2: 2097152 op, 992312259.00 ns, 473.1714 ns/op
WorkloadWarmup   3: 2097152 op, 981219785.00 ns, 467.8821 ns/op
WorkloadWarmup   4: 2097152 op, 981614779.00 ns, 468.0704 ns/op
WorkloadWarmup   5: 2097152 op, 979341742.00 ns, 466.9865 ns/op
WorkloadWarmup   6: 2097152 op, 981827478.00 ns, 468.1718 ns/op

// BeforeActualRun
WorkloadActual   1: 2097152 op, 984362370.00 ns, 469.3806 ns/op
WorkloadActual   2: 2097152 op, 979259132.00 ns, 466.9471 ns/op
WorkloadActual   3: 2097152 op, 981311917.00 ns, 467.9260 ns/op
WorkloadActual   4: 2097152 op, 979665683.00 ns, 467.1410 ns/op
WorkloadActual   5: 2097152 op, 981123704.00 ns, 467.8362 ns/op
WorkloadActual   6: 2097152 op, 980640859.00 ns, 467.6060 ns/op
WorkloadActual   7: 2097152 op, 980836764.00 ns, 467.6994 ns/op
WorkloadActual   8: 2097152 op, 981877968.00 ns, 468.1959 ns/op
WorkloadActual   9: 2097152 op, 980563272.00 ns, 467.5690 ns/op
WorkloadActual  10: 2097152 op, 979905037.00 ns, 467.2551 ns/op
WorkloadActual  11: 2097152 op, 982278864.00 ns, 468.3871 ns/op
WorkloadActual  12: 2097152 op, 981257008.00 ns, 467.8998 ns/op
WorkloadActual  13: 2097152 op, 981112331.00 ns, 467.8308 ns/op
WorkloadActual  14: 2097152 op, 979476933.00 ns, 467.0510 ns/op
WorkloadActual  15: 2097152 op, 979377554.00 ns, 467.0036 ns/op

// AfterActualRun
WorkloadResult   1: 2097152 op, 974517654.00 ns, 464.6862 ns/op
WorkloadResult   2: 2097152 op, 976570439.00 ns, 465.6651 ns/op
WorkloadResult   3: 2097152 op, 974924205.00 ns, 464.8801 ns/op
WorkloadResult   4: 2097152 op, 976382226.00 ns, 465.5753 ns/op
WorkloadResult   5: 2097152 op, 975899381.00 ns, 465.3451 ns/op
WorkloadResult   6: 2097152 op, 976095286.00 ns, 465.4385 ns/op
WorkloadResult   7: 2097152 op, 977136490.00 ns, 465.9350 ns/op
WorkloadResult   8: 2097152 op, 975821794.00 ns, 465.3081 ns/op
WorkloadResult   9: 2097152 op, 975163559.00 ns, 464.9942 ns/op
WorkloadResult  10: 2097152 op, 977537386.00 ns, 466.1261 ns/op
WorkloadResult  11: 2097152 op, 976515530.00 ns, 465.6389 ns/op
WorkloadResult  12: 2097152 op, 976370853.00 ns, 465.5699 ns/op
WorkloadResult  13: 2097152 op, 974735455.00 ns, 464.7901 ns/op
WorkloadResult  14: 2097152 op, 974636076.00 ns, 464.7427 ns/op
// GC:  18 0 0 301989888 2097152
// Threading:  0 0 2097152

// AfterAll
// Benchmark Process 4326 has exited with code 0.

Mean = 465.335 ns, StdErr = 0.122 ns (0.03%), N = 14, StdDev = 0.456 ns
Min = 464.686 ns, Q1 = 464.909 ns, Median = 465.392 ns, Q3 = 465.623 ns, Max = 466.126 ns
IQR = 0.714 ns, LowerFence = 463.837 ns, UpperFence = 466.695 ns
ConfidenceInterval = [464.821 ns; 465.850 ns] (CI 99.9%), Margin = 0.514 ns (0.11% of Mean)
Skewness = 0.02, Kurtosis = 1.64, MValue = 2

// ** Remained 7 (33.3 %) benchmark(s) to run. Estimated finish 2026-09-27 7:27 (0h 2m from now) **
// **************************
// Benchmark: ResilienceExecutionBenchmarks.DirectPollyExecution: .NET 9.0(Runtime=.NET 9.0, Toolchain=net9.0)
// *** Execute ***
// Launch: 1 / 1
// Execute: dotnet "EricksonLopez.Resilience.Benchmarks-.NET 9.0-3.dll" --anonymousPipes 115 116 --benchmarkName EricksonLopez.Resilience.Benchmarks.ResilienceExecutionBenchmarks.DirectPollyExecution --job ".NET 9.0" --benchmarkId 2 in /home/runner/work/dotnet-resilience/dotnet-resilience/benchmarks/EricksonLopez.Resilience.Benchmarks/bin/Release/net10.0/EricksonLopez.Resilience.Benchmarks-.NET 9.0-3/bin/Release/net9.0
// Failed to set up high priority (Permission denied). In order to run benchmarks with high priority, make sure you have the right permissions.
// BeforeAnythingElse

// Benchmark Process Environment Information:
// BenchmarkDotNet v0.15.8
// Runtime=.NET 9.0.20 (9.0.20, 9.0.2026.41315), X64 RyuJIT x86-64-v4
// GC=Concurrent Workstation
// HardwareIntrinsics=AVX512 IFMA+VBMI,AVX512 F+BW+CD+DQ+VL,AVX2+BMI1+BMI2+F16C+FMA+LZCNT+MOVBE,AVX,SSE3+SSSE3+SSE4.1+SSE4.2+POPCNT,X86Base+SSE+SSE2,AES+PCLMUL VectorSize=256
// Job: .NET 9.0

OverheadJitting  1: 1 op, 187933.00 ns, 187.9330 us/op
WorkloadJitting  1: 1 op, 13518870.00 ns, 13.5189 ms/op

OverheadJitting  2: 16 op, 280872.00 ns, 17.5545 us/op
WorkloadJitting  2: 16 op, 323296.00 ns, 20.2060 us/op

WorkloadPilot    1: 16 op, 21262.00 ns, 1.3289 us/op
WorkloadPilot    2: 32 op, 33700.00 ns, 1.0531 us/op
WorkloadPilot    3: 64 op, 60250.00 ns, 941.4063 ns/op
WorkloadPilot    4: 128 op, 114102.00 ns, 891.4219 ns/op
WorkloadPilot    5: 256 op, 218589.00 ns, 853.8633 ns/op
WorkloadPilot    6: 512 op, 437728.00 ns, 854.9375 ns/op
WorkloadPilot    7: 1024 op, 881755.00 ns, 861.0889 ns/op
WorkloadPilot    8: 2048 op, 1781037.00 ns, 869.6470 ns/op
WorkloadPilot    9: 4096 op, 3523647.00 ns, 860.2654 ns/op
WorkloadPilot   10: 8192 op, 7062255.00 ns, 862.0917 ns/op
WorkloadPilot   11: 16384 op, 13920703.00 ns, 849.6523 ns/op
WorkloadPilot   12: 32768 op, 27786354.00 ns, 847.9722 ns/op
WorkloadPilot   13: 65536 op, 55678188.00 ns, 849.5817 ns/op
WorkloadPilot   14: 131072 op, 109482679.00 ns, 835.2866 ns/op
WorkloadPilot   15: 262144 op, 52590467.00 ns, 200.6167 ns/op
WorkloadPilot   16: 524288 op, 105320193.00 ns, 200.8823 ns/op
WorkloadPilot   17: 1048576 op, 210089807.00 ns, 200.3573 ns/op
WorkloadPilot   18: 2097152 op, 420283071.00 ns, 200.4066 ns/op
WorkloadPilot   19: 4194304 op, 840509626.00 ns, 200.3931 ns/op

OverheadWarmup   1: 4194304 op, 8469089.00 ns, 2.0192 ns/op
OverheadWarmup   2: 4194304 op, 8470101.00 ns, 2.0194 ns/op
OverheadWarmup   3: 4194304 op, 8454758.00 ns, 2.0158 ns/op
OverheadWarmup   4: 4194304 op, 8440787.00 ns, 2.0124 ns/op
OverheadWarmup   5: 4194304 op, 8439595.00 ns, 2.0122 ns/op
OverheadWarmup   6: 4194304 op, 8436431.00 ns, 2.0114 ns/op
OverheadWarmup   7: 4194304 op, 8439896.00 ns, 2.0122 ns/op
OverheadWarmup   8: 4194304 op, 8438704.00 ns, 2.0119 ns/op

OverheadActual   1: 4194304 op, 8437703.00 ns, 2.0117 ns/op
OverheadActual   2: 4194304 op, 8720758.00 ns, 2.0792 ns/op
OverheadActual   3: 4194304 op, 8456301.00 ns, 2.0161 ns/op
OverheadActual   4: 4194304 op, 8453246.00 ns, 2.0154 ns/op
OverheadActual   5: 4194304 op, 8440967.00 ns, 2.0125 ns/op
OverheadActual   6: 4194304 op, 8437713.00 ns, 2.0117 ns/op
OverheadActual   7: 4194304 op, 8436161.00 ns, 2.0113 ns/op
OverheadActual   8: 4194304 op, 8447688.00 ns, 2.0141 ns/op
OverheadActual   9: 4194304 op, 8435930.00 ns, 2.0113 ns/op
OverheadActual  10: 4194304 op, 8465094.00 ns, 2.0182 ns/op
OverheadActual  11: 4194304 op, 8443561.00 ns, 2.0131 ns/op
OverheadActual  12: 4194304 op, 8454368.00 ns, 2.0157 ns/op
OverheadActual  13: 4194304 op, 8459966.00 ns, 2.0170 ns/op
OverheadActual  14: 4194304 op, 8440106.00 ns, 2.0123 ns/op
OverheadActual  15: 4194304 op, 8437743.00 ns, 2.0117 ns/op

WorkloadWarmup   1: 4194304 op, 843283024.00 ns, 201.0543 ns/op
WorkloadWarmup   2: 4194304 op, 838710261.00 ns, 199.9641 ns/op
WorkloadWarmup   3: 4194304 op, 840025417.00 ns, 200.2777 ns/op
WorkloadWarmup   4: 4194304 op, 839880490.00 ns, 200.2431 ns/op
WorkloadWarmup   5: 4194304 op, 840117936.00 ns, 200.2997 ns/op
WorkloadWarmup   6: 4194304 op, 842628060.00 ns, 200.8982 ns/op
WorkloadWarmup   7: 4194304 op, 864055547.00 ns, 206.0069 ns/op
WorkloadWarmup   8: 4194304 op, 842244553.00 ns, 200.8067 ns/op

// BeforeActualRun
WorkloadActual   1: 4194304 op, 840630977.00 ns, 200.4220 ns/op
WorkloadActual   2: 4194304 op, 843232718.00 ns, 201.0423 ns/op
WorkloadActual   3: 4194304 op, 849586487.00 ns, 202.5572 ns/op
WorkloadActual   4: 4194304 op, 839581489.00 ns, 200.1718 ns/op
WorkloadActual   5: 4194304 op, 839898576.00 ns, 200.2474 ns/op
WorkloadActual   6: 4194304 op, 839751495.00 ns, 200.2124 ns/op
WorkloadActual   7: 4194304 op, 839966698.00 ns, 200.2637 ns/op
WorkloadActual   8: 4194304 op, 840646711.00 ns, 200.4258 ns/op
WorkloadActual   9: 4194304 op, 843885719.00 ns, 201.1980 ns/op
WorkloadActual  10: 4194304 op, 839820833.00 ns, 200.2289 ns/op
WorkloadActual  11: 4194304 op, 840576178.00 ns, 200.4090 ns/op
WorkloadActual  12: 4194304 op, 839304096.00 ns, 200.1057 ns/op
WorkloadActual  13: 4194304 op, 839961344.00 ns, 200.2624 ns/op
WorkloadActual  14: 4194304 op, 839797077.00 ns, 200.2232 ns/op
WorkloadActual  15: 4194304 op, 840319903.00 ns, 200.3479 ns/op

// AfterActualRun
WorkloadResult   1: 4194304 op, 832187416.00 ns, 198.4089 ns/op
WorkloadResult   2: 4194304 op, 831137928.00 ns, 198.1587 ns/op
WorkloadResult   3: 4194304 op, 831455015.00 ns, 198.2343 ns/op
WorkloadResult   4: 4194304 op, 831307934.00 ns, 198.1993 ns/op
WorkloadResult   5: 4194304 op, 831523137.00 ns, 198.2506 ns/op
WorkloadResult   6: 4194304 op, 832203150.00 ns, 198.4127 ns/op
WorkloadResult   7: 4194304 op, 831377272.00 ns, 198.2158 ns/op
WorkloadResult   8: 4194304 op, 832132617.00 ns, 198.3959 ns/op
WorkloadResult   9: 4194304 op, 830860535.00 ns, 198.0926 ns/op
WorkloadResult  10: 4194304 op, 831517783.00 ns, 198.2493 ns/op
WorkloadResult  11: 4194304 op, 831353516.00 ns, 198.2101 ns/op
WorkloadResult  12: 4194304 op, 831876342.00 ns, 198.3348 ns/op
// GC:  0 0 0 0 4194304
// Threading:  0 0 4194304

// AfterAll
// Benchmark Process 4348 has exited with code 0.

Mean = 198.264 ns, StdErr = 0.030 ns (0.01%), N = 12, StdDev = 0.103 ns
Min = 198.093 ns, Q1 = 198.207 ns, Median = 198.242 ns, Q3 = 198.350 ns, Max = 198.413 ns
IQR = 0.143 ns, LowerFence = 197.993 ns, UpperFence = 198.564 ns
ConfidenceInterval = [198.132 ns; 198.395 ns] (CI 99.9%), Margin = 0.132 ns (0.07% of Mean)
Skewness = 0.18, Kurtosis = 1.69, MValue = 2

// ** Remained 6 (28.6 %) benchmark(s) to run. Estimated finish 2026-09-27 7:27 (0h 2m from now) **
// **************************
// Benchmark: ResilienceExecutionBenchmarks.EcosystemPipelineExecution: .NET 9.0(Runtime=.NET 9.0, Toolchain=net9.0)
// *** Execute ***
// Launch: 1 / 1
// Execute: dotnet "EricksonLopez.Resilience.Benchmarks-.NET 9.0-3.dll" --anonymousPipes 115 116 --benchmarkName EricksonLopez.Resilience.Benchmarks.ResilienceExecutionBenchmarks.EcosystemPipelineExecution --job ".NET 9.0" --benchmarkId 3 in /home/runner/work/dotnet-resilience/dotnet-resilience/benchmarks/EricksonLopez.Resilience.Benchmarks/bin/Release/net10.0/EricksonLopez.Resilience.Benchmarks-.NET 9.0-3/bin/Release/net9.0
// Failed to set up high priority (Permission denied). In order to run benchmarks with high priority, make sure you have the right permissions.
// BeforeAnythingElse

// Benchmark Process Environment Information:
// BenchmarkDotNet v0.15.8
// Runtime=.NET 9.0.20 (9.0.20, 9.0.2026.41315), X64 RyuJIT x86-64-v4
// GC=Concurrent Workstation
// HardwareIntrinsics=AVX512 IFMA+VBMI,AVX512 F+BW+CD+DQ+VL,AVX2+BMI1+BMI2+F16C+FMA+LZCNT+MOVBE,AVX,SSE3+SSSE3+SSE4.1+SSE4.2+POPCNT,X86Base+SSE+SSE2,AES+PCLMUL VectorSize=256
// Job: .NET 9.0

OverheadJitting  1: 1 op, 150526.00 ns, 150.5260 us/op
WorkloadJitting  1: 1 op, 10130987.00 ns, 10.1310 ms/op

OverheadJitting  2: 16 op, 271738.00 ns, 16.9836 us/op
WorkloadJitting  2: 16 op, 349085.00 ns, 21.8178 us/op

WorkloadPilot    1: 16 op, 32659.00 ns, 2.0412 us/op
WorkloadPilot    2: 32 op, 63205.00 ns, 1.9752 us/op
WorkloadPilot    3: 64 op, 105829.00 ns, 1.6536 us/op
WorkloadPilot    4: 128 op, 229765.00 ns, 1.7950 us/op
WorkloadPilot    5: 256 op, 414924.00 ns, 1.6208 us/op
WorkloadPilot    6: 512 op, 784469.00 ns, 1.5322 us/op
WorkloadPilot    7: 1024 op, 1565183.00 ns, 1.5285 us/op
WorkloadPilot    8: 2048 op, 3020520.00 ns, 1.4749 us/op
WorkloadPilot    9: 4096 op, 6028782.00 ns, 1.4719 us/op
WorkloadPilot   10: 8192 op, 12208611.00 ns, 1.4903 us/op
WorkloadPilot   11: 16384 op, 24214516.00 ns, 1.4779 us/op
WorkloadPilot   12: 32768 op, 48487591.00 ns, 1.4797 us/op
WorkloadPilot   13: 65536 op, 108150268.00 ns, 1.6502 us/op
WorkloadPilot   14: 131072 op, 68484447.00 ns, 522.4949 ns/op
WorkloadPilot   15: 262144 op, 89117080.00 ns, 339.9547 ns/op
WorkloadPilot   16: 524288 op, 172546790.00 ns, 329.1069 ns/op
WorkloadPilot   17: 1048576 op, 346293966.00 ns, 330.2517 ns/op
WorkloadPilot   18: 2097152 op, 689117835.00 ns, 328.5970 ns/op

OverheadWarmup   1: 2097152 op, 4212042.00 ns, 2.0085 ns/op
OverheadWarmup   2: 2097152 op, 4193012.00 ns, 1.9994 ns/op
OverheadWarmup   3: 2097152 op, 4193423.00 ns, 1.9996 ns/op
OverheadWarmup   4: 2097152 op, 4199543.00 ns, 2.0025 ns/op
OverheadWarmup   5: 2097152 op, 4202636.00 ns, 2.0040 ns/op
OverheadWarmup   6: 2097152 op, 5138864.00 ns, 2.4504 ns/op
OverheadWarmup   7: 2097152 op, 4328736.00 ns, 2.0641 ns/op
OverheadWarmup   8: 2097152 op, 4191510.00 ns, 1.9987 ns/op
OverheadWarmup   9: 2097152 op, 4197028.00 ns, 2.0013 ns/op
OverheadWarmup  10: 2097152 op, 4196528.00 ns, 2.0011 ns/op

OverheadActual   1: 2097152 op, 4196017.00 ns, 2.0008 ns/op
OverheadActual   2: 2097152 op, 4193944.00 ns, 1.9998 ns/op
OverheadActual   3: 2097152 op, 4214875.00 ns, 2.0098 ns/op
OverheadActual   4: 2097152 op, 4246283.00 ns, 2.0248 ns/op
OverheadActual   5: 2097152 op, 4198942.00 ns, 2.0022 ns/op
OverheadActual   6: 2097152 op, 4196698.00 ns, 2.0011 ns/op
OverheadActual   7: 2097152 op, 4194094.00 ns, 1.9999 ns/op
OverheadActual   8: 2097152 op, 4186893.00 ns, 1.9965 ns/op
OverheadActual   9: 2097152 op, 4193042.00 ns, 1.9994 ns/op
OverheadActual  10: 2097152 op, 4195336.00 ns, 2.0005 ns/op
OverheadActual  11: 2097152 op, 4193533.00 ns, 1.9996 ns/op
OverheadActual  12: 2097152 op, 4220233.00 ns, 2.0124 ns/op
OverheadActual  13: 2097152 op, 4202627.00 ns, 2.0040 ns/op
OverheadActual  14: 2097152 op, 4195706.00 ns, 2.0007 ns/op
OverheadActual  15: 2097152 op, 4202436.00 ns, 2.0039 ns/op

WorkloadWarmup   1: 2097152 op, 698762251.00 ns, 333.1958 ns/op
WorkloadWarmup   2: 2097152 op, 699940612.00 ns, 333.7577 ns/op
WorkloadWarmup   3: 2097152 op, 689627631.00 ns, 328.8401 ns/op
WorkloadWarmup   4: 2097152 op, 689493750.00 ns, 328.7762 ns/op
WorkloadWarmup   5: 2097152 op, 690542596.00 ns, 329.2764 ns/op
WorkloadWarmup   6: 2097152 op, 689815693.00 ns, 328.9298 ns/op

// BeforeActualRun
WorkloadActual   1: 2097152 op, 690229866.00 ns, 329.1272 ns/op
WorkloadActual   2: 2097152 op, 690600463.00 ns, 329.3040 ns/op
WorkloadActual   3: 2097152 op, 692514931.00 ns, 330.2169 ns/op
WorkloadActual   4: 2097152 op, 689828493.00 ns, 328.9359 ns/op
WorkloadActual   5: 2097152 op, 690631569.00 ns, 329.3188 ns/op
WorkloadActual   6: 2097152 op, 691257571.00 ns, 329.6173 ns/op
WorkloadActual   7: 2097152 op, 691541059.00 ns, 329.7525 ns/op
WorkloadActual   8: 2097152 op, 690576098.00 ns, 329.2923 ns/op
WorkloadActual   9: 2097152 op, 691187187.00 ns, 329.5837 ns/op
WorkloadActual  10: 2097152 op, 693546182.00 ns, 330.7086 ns/op
WorkloadActual  11: 2097152 op, 691100536.00 ns, 329.5424 ns/op
WorkloadActual  12: 2097152 op, 691404112.00 ns, 329.6872 ns/op
WorkloadActual  13: 2097152 op, 690022937.00 ns, 329.0286 ns/op
WorkloadActual  14: 2097152 op, 690330459.00 ns, 329.1752 ns/op
WorkloadActual  15: 2097152 op, 691381218.00 ns, 329.6763 ns/op

// AfterActualRun
WorkloadResult   1: 2097152 op, 686033849.00 ns, 327.1264 ns/op
WorkloadResult   2: 2097152 op, 686404446.00 ns, 327.3031 ns/op
WorkloadResult   3: 2097152 op, 688318914.00 ns, 328.2160 ns/op
WorkloadResult   4: 2097152 op, 685632476.00 ns, 326.9350 ns/op
WorkloadResult   5: 2097152 op, 686435552.00 ns, 327.3180 ns/op
WorkloadResult   6: 2097152 op, 687061554.00 ns, 327.6165 ns/op
WorkloadResult   7: 2097152 op, 687345042.00 ns, 327.7517 ns/op
WorkloadResult   8: 2097152 op, 686380081.00 ns, 327.2915 ns/op
WorkloadResult   9: 2097152 op, 686991170.00 ns, 327.5829 ns/op
WorkloadResult  10: 2097152 op, 686904519.00 ns, 327.5416 ns/op
WorkloadResult  11: 2097152 op, 687208095.00 ns, 327.6864 ns/op
WorkloadResult  12: 2097152 op, 685826920.00 ns, 327.0278 ns/op
WorkloadResult  13: 2097152 op, 686134442.00 ns, 327.1744 ns/op
WorkloadResult  14: 2097152 op, 687185201.00 ns, 327.6754 ns/op
// GC:  18 0 0 301989888 2097152
// Threading:  0 0 2097152

// AfterAll
// Benchmark Process 4367 has exited with code 0.

Mean = 327.446 ns, StdErr = 0.092 ns (0.03%), N = 14, StdDev = 0.343 ns
Min = 326.935 ns, Q1 = 327.204 ns, Median = 327.430 ns, Q3 = 327.661 ns, Max = 328.216 ns
IQR = 0.457 ns, LowerFence = 326.518 ns, UpperFence = 328.346 ns
ConfidenceInterval = [327.060 ns; 327.833 ns] (CI 99.9%), Margin = 0.387 ns (0.12% of Mean)
Skewness = 0.45, Kurtosis = 2.5, MValue = 2

// ** Remained 5 (23.8 %) benchmark(s) to run. Estimated finish 2026-09-27 7:27 (0h 1m from now) **
// **************************
// Benchmark: ResilienceExecutionBenchmarks.EcosystemExecutorExecution: .NET 9.0(Runtime=.NET 9.0, Toolchain=net9.0)
// *** Execute ***
// Launch: 1 / 1
// Execute: dotnet "EricksonLopez.Resilience.Benchmarks-.NET 9.0-3.dll" --anonymousPipes 115 116 --benchmarkName EricksonLopez.Resilience.Benchmarks.ResilienceExecutionBenchmarks.EcosystemExecutorExecution --job ".NET 9.0" --benchmarkId 4 in /home/runner/work/dotnet-resilience/dotnet-resilience/benchmarks/EricksonLopez.Resilience.Benchmarks/bin/Release/net10.0/EricksonLopez.Resilience.Benchmarks-.NET 9.0-3/bin/Release/net9.0
// Failed to set up high priority (Permission denied). In order to run benchmarks with high priority, make sure you have the right permissions.
// BeforeAnythingElse

// Benchmark Process Environment Information:
// BenchmarkDotNet v0.15.8
// Runtime=.NET 9.0.20 (9.0.20, 9.0.2026.41315), X64 RyuJIT x86-64-v4
// GC=Concurrent Workstation
// HardwareIntrinsics=AVX512 IFMA+VBMI,AVX512 F+BW+CD+DQ+VL,AVX2+BMI1+BMI2+F16C+FMA+LZCNT+MOVBE,AVX,SSE3+SSSE3+SSE4.1+SSE4.2+POPCNT,X86Base+SSE+SSE2,AES+PCLMUL VectorSize=256
// Job: .NET 9.0

OverheadJitting  1: 1 op, 145258.00 ns, 145.2580 us/op
WorkloadJitting  1: 1 op, 16458048.00 ns, 16.4580 ms/op

OverheadJitting  2: 16 op, 267933.00 ns, 16.7458 us/op
WorkloadJitting  2: 16 op, 366872.00 ns, 22.9295 us/op

WorkloadPilot    1: 16 op, 40130.00 ns, 2.5081 us/op
WorkloadPilot    2: 32 op, 75304.00 ns, 2.3533 us/op
WorkloadPilot    3: 64 op, 129575.00 ns, 2.0246 us/op
WorkloadPilot    4: 128 op, 257367.00 ns, 2.0107 us/op
WorkloadPilot    5: 256 op, 496095.00 ns, 1.9379 us/op
WorkloadPilot    6: 512 op, 966423.00 ns, 1.8875 us/op
WorkloadPilot    7: 1024 op, 1914858.00 ns, 1.8700 us/op
WorkloadPilot    8: 2048 op, 3718539.00 ns, 1.8157 us/op
WorkloadPilot    9: 4096 op, 7415576.00 ns, 1.8104 us/op
WorkloadPilot   10: 8192 op, 15212215.00 ns, 1.8570 us/op
WorkloadPilot   11: 16384 op, 30242657.00 ns, 1.8459 us/op
WorkloadPilot   12: 32768 op, 60250171.00 ns, 1.8387 us/op
WorkloadPilot   13: 65536 op, 129327030.00 ns, 1.9734 us/op
WorkloadPilot   14: 131072 op, 121045212.00 ns, 923.5017 ns/op
WorkloadPilot   15: 262144 op, 125309612.00 ns, 478.0182 ns/op
WorkloadPilot   16: 524288 op, 243107813.00 ns, 463.6914 ns/op
WorkloadPilot   17: 1048576 op, 487857804.00 ns, 465.2575 ns/op
WorkloadPilot   18: 2097152 op, 975121508.00 ns, 464.9742 ns/op

OverheadWarmup   1: 2097152 op, 4219392.00 ns, 2.0120 ns/op
OverheadWarmup   2: 2097152 op, 4221165.00 ns, 2.0128 ns/op
OverheadWarmup   3: 2097152 op, 4200414.00 ns, 2.0029 ns/op
OverheadWarmup   4: 2097152 op, 4202247.00 ns, 2.0038 ns/op
OverheadWarmup   5: 2097152 op, 4218181.00 ns, 2.0114 ns/op
OverheadWarmup   6: 2097152 op, 4198671.00 ns, 2.0021 ns/op

OverheadActual   1: 2097152 op, 4203919.00 ns, 2.0046 ns/op
OverheadActual   2: 2097152 op, 4205111.00 ns, 2.0052 ns/op
OverheadActual   3: 2097152 op, 4209787.00 ns, 2.0074 ns/op
OverheadActual   4: 2097152 op, 4199502.00 ns, 2.0025 ns/op
OverheadActual   5: 2097152 op, 4206793.00 ns, 2.0060 ns/op
OverheadActual   6: 2097152 op, 4196367.00 ns, 2.0010 ns/op
OverheadActual   7: 2097152 op, 4200965.00 ns, 2.0032 ns/op
OverheadActual   8: 2097152 op, 4192121.00 ns, 1.9990 ns/op
OverheadActual   9: 2097152 op, 4200263.00 ns, 2.0028 ns/op
OverheadActual  10: 2097152 op, 4197319.00 ns, 2.0014 ns/op
OverheadActual  11: 2097152 op, 4217890.00 ns, 2.0112 ns/op
OverheadActual  12: 2097152 op, 4191060.00 ns, 1.9985 ns/op
OverheadActual  13: 2097152 op, 4254264.00 ns, 2.0286 ns/op
OverheadActual  14: 2097152 op, 4227384.00 ns, 2.0158 ns/op
OverheadActual  15: 2097152 op, 4218150.00 ns, 2.0114 ns/op

WorkloadWarmup   1: 2097152 op, 1004292260.00 ns, 478.8839 ns/op
WorkloadWarmup   2: 2097152 op, 979227776.00 ns, 466.9322 ns/op
WorkloadWarmup   3: 2097152 op, 972401455.00 ns, 463.6771 ns/op
WorkloadWarmup   4: 2097152 op, 974379498.00 ns, 464.6204 ns/op
WorkloadWarmup   5: 2097152 op, 973105743.00 ns, 464.0130 ns/op
WorkloadWarmup   6: 2097152 op, 987563414.00 ns, 470.9069 ns/op
WorkloadWarmup   7: 2097152 op, 972766974.00 ns, 463.8514 ns/op

// BeforeActualRun
WorkloadActual   1: 2097152 op, 975572349.00 ns, 465.1891 ns/op
WorkloadActual   2: 2097152 op, 979025223.00 ns, 466.8356 ns/op
WorkloadActual   3: 2097152 op, 975497422.00 ns, 465.1534 ns/op
WorkloadActual   4: 2097152 op, 976913610.00 ns, 465.8287 ns/op
WorkloadActual   5: 2097152 op, 975150299.00 ns, 464.9879 ns/op
WorkloadActual   6: 2097152 op, 979029220.00 ns, 466.8375 ns/op
WorkloadActual   7: 2097152 op, 977022264.00 ns, 465.8805 ns/op
WorkloadActual   8: 2097152 op, 974468104.00 ns, 464.6626 ns/op
WorkloadActual   9: 2097152 op, 975228773.00 ns, 465.0253 ns/op
WorkloadActual  10: 2097152 op, 974893595.00 ns, 464.8655 ns/op
WorkloadActual  11: 2097152 op, 974412021.00 ns, 464.6359 ns/op
WorkloadActual  12: 2097152 op, 975297292.00 ns, 465.0580 ns/op
WorkloadActual  13: 2097152 op, 975320807.00 ns, 465.0692 ns/op
WorkloadActual  14: 2097152 op, 975057692.00 ns, 464.9437 ns/op
WorkloadActual  15: 2097152 op, 974927996.00 ns, 464.8819 ns/op

// AfterActualRun
WorkloadResult   1: 2097152 op, 971368430.00 ns, 463.1846 ns/op
WorkloadResult   2: 2097152 op, 971293503.00 ns, 463.1488 ns/op
WorkloadResult   3: 2097152 op, 972709691.00 ns, 463.8241 ns/op
WorkloadResult   4: 2097152 op, 970946380.00 ns, 462.9833 ns/op
WorkloadResult   5: 2097152 op, 972818345.00 ns, 463.8759 ns/op
WorkloadResult   6: 2097152 op, 970264185.00 ns, 462.6580 ns/op
WorkloadResult   7: 2097152 op, 971024854.00 ns, 463.0207 ns/op
WorkloadResult   8: 2097152 op, 970689676.00 ns, 462.8609 ns/op
WorkloadResult   9: 2097152 op, 970208102.00 ns, 462.6313 ns/op
WorkloadResult  10: 2097152 op, 971093373.00 ns, 463.0534 ns/op
WorkloadResult  11: 2097152 op, 971116888.00 ns, 463.0646 ns/op
WorkloadResult  12: 2097152 op, 970853773.00 ns, 462.9392 ns/op
WorkloadResult  13: 2097152 op, 970724077.00 ns, 462.8773 ns/op
// GC:  18 0 0 301989888 2097152
// Threading:  0 0 2097152

// AfterAll
// Benchmark Process 4378 has exited with code 0.

Mean = 463.086 ns, StdErr = 0.105 ns (0.02%), N = 13, StdDev = 0.377 ns
Min = 462.631 ns, Q1 = 462.877 ns, Median = 463.021 ns, Q3 = 463.149 ns, Max = 463.876 ns
IQR = 0.272 ns, LowerFence = 462.470 ns, UpperFence = 463.556 ns
ConfidenceInterval = [462.635 ns; 463.538 ns] (CI 99.9%), Margin = 0.451 ns (0.10% of Mean)
Skewness = 1, Kurtosis = 2.92, MValue = 2

// ** Remained 4 (19.0 %) benchmark(s) to run. Estimated finish 2026-09-27 7:27 (0h 1m from now) **
// **************************
// Benchmark: ResilienceExecutionBenchmarks.ResultResilientExecution: .NET 9.0(Runtime=.NET 9.0, Toolchain=net9.0)
// *** Execute ***
// Launch: 1 / 1
// Execute: dotnet "EricksonLopez.Resilience.Benchmarks-.NET 9.0-3.dll" --anonymousPipes 117 118 --benchmarkName EricksonLopez.Resilience.Benchmarks.ResilienceExecutionBenchmarks.ResultResilientExecution --job ".NET 9.0" --benchmarkId 5 in /home/runner/work/dotnet-resilience/dotnet-resilience/benchmarks/EricksonLopez.Resilience.Benchmarks/bin/Release/net10.0/EricksonLopez.Resilience.Benchmarks-.NET 9.0-3/bin/Release/net9.0
// Failed to set up high priority (Permission denied). In order to run benchmarks with high priority, make sure you have the right permissions.
// BeforeAnythingElse

// Benchmark Process Environment Information:
// BenchmarkDotNet v0.15.8
// Runtime=.NET 9.0.20 (9.0.20, 9.0.2026.41315), X64 RyuJIT x86-64-v4
// GC=Concurrent Workstation
// HardwareIntrinsics=AVX512 IFMA+VBMI,AVX512 F+BW+CD+DQ+VL,AVX2+BMI1+BMI2+F16C+FMA+LZCNT+MOVBE,AVX,SSE3+SSSE3+SSE4.1+SSE4.2+POPCNT,X86Base+SSE+SSE2,AES+PCLMUL VectorSize=256
// Job: .NET 9.0

OverheadJitting  1: 1 op, 152219.00 ns, 152.2190 us/op
WorkloadJitting  1: 1 op, 11186984.00 ns, 11.1870 ms/op

OverheadJitting  2: 16 op, 163236.00 ns, 10.2023 us/op
WorkloadJitting  2: 16 op, 282395.00 ns, 17.6497 us/op

WorkloadPilot    1: 16 op, 36875.00 ns, 2.3047 us/op
WorkloadPilot    2: 32 op, 71728.00 ns, 2.2415 us/op
WorkloadPilot    3: 64 op, 119069.00 ns, 1.8605 us/op
WorkloadPilot    4: 128 op, 226430.00 ns, 1.7690 us/op
WorkloadPilot    5: 256 op, 459781.00 ns, 1.7960 us/op
WorkloadPilot    6: 512 op, 891359.00 ns, 1.7409 us/op
WorkloadPilot    7: 1024 op, 1763771.00 ns, 1.7224 us/op
WorkloadPilot    8: 2048 op, 3491027.00 ns, 1.7046 us/op
WorkloadPilot    9: 4096 op, 6849105.00 ns, 1.6721 us/op
WorkloadPilot   10: 8192 op, 13930398.00 ns, 1.7005 us/op
WorkloadPilot   11: 16384 op, 27697020.00 ns, 1.6905 us/op
WorkloadPilot   12: 32768 op, 55404367.00 ns, 1.6908 us/op
WorkloadPilot   13: 65536 op, 109568931.00 ns, 1.6719 us/op
WorkloadPilot   14: 131072 op, 64383754.00 ns, 491.2091 ns/op
WorkloadPilot   15: 262144 op, 116821541.00 ns, 445.6388 ns/op
WorkloadPilot   16: 524288 op, 228803197.00 ns, 436.4075 ns/op
WorkloadPilot   17: 1048576 op, 458038194.00 ns, 436.8193 ns/op
WorkloadPilot   18: 2097152 op, 915868785.00 ns, 436.7203 ns/op

OverheadWarmup   1: 2097152 op, 4704551.00 ns, 2.2433 ns/op
OverheadWarmup   2: 2097152 op, 4756470.00 ns, 2.2681 ns/op
OverheadWarmup   3: 2097152 op, 4705322.00 ns, 2.2437 ns/op
OverheadWarmup   4: 2097152 op, 4707506.00 ns, 2.2447 ns/op
OverheadWarmup   5: 2097152 op, 4705212.00 ns, 2.2436 ns/op

OverheadActual   1: 2097152 op, 4703940.00 ns, 2.2430 ns/op
OverheadActual   2: 2097152 op, 4708467.00 ns, 2.2452 ns/op
OverheadActual   3: 2097152 op, 4726004.00 ns, 2.2535 ns/op
OverheadActual   4: 2097152 op, 4706254.00 ns, 2.2441 ns/op
OverheadActual   5: 2097152 op, 4712222.00 ns, 2.2470 ns/op
OverheadActual   6: 2097152 op, 4695177.00 ns, 2.2388 ns/op
OverheadActual   7: 2097152 op, 4706564.00 ns, 2.2443 ns/op
OverheadActual   8: 2097152 op, 4754045.00 ns, 2.2669 ns/op
OverheadActual   9: 2097152 op, 4697210.00 ns, 2.2398 ns/op
OverheadActual  10: 2097152 op, 4701897.00 ns, 2.2420 ns/op
OverheadActual  11: 2097152 op, 4709218.00 ns, 2.2455 ns/op
OverheadActual  12: 2097152 op, 4746625.00 ns, 2.2634 ns/op
OverheadActual  13: 2097152 op, 4729639.00 ns, 2.2553 ns/op
OverheadActual  14: 2097152 op, 4716209.00 ns, 2.2489 ns/op
OverheadActual  15: 2097152 op, 4711411.00 ns, 2.2466 ns/op

WorkloadWarmup   1: 2097152 op, 924206647.00 ns, 440.6961 ns/op
WorkloadWarmup   2: 2097152 op, 921902915.00 ns, 439.5976 ns/op
WorkloadWarmup   3: 2097152 op, 914402712.00 ns, 436.0212 ns/op
WorkloadWarmup   4: 2097152 op, 919856498.00 ns, 438.6218 ns/op
WorkloadWarmup   5: 2097152 op, 913404651.00 ns, 435.5453 ns/op
WorkloadWarmup   6: 2097152 op, 912806022.00 ns, 435.2598 ns/op
WorkloadWarmup   7: 2097152 op, 913317670.00 ns, 435.5038 ns/op
WorkloadWarmup   8: 2097152 op, 913276667.00 ns, 435.4843 ns/op

// BeforeActualRun
WorkloadActual   1: 2097152 op, 916084758.00 ns, 436.8233 ns/op
WorkloadActual   2: 2097152 op, 914942081.00 ns, 436.2784 ns/op
WorkloadActual   3: 2097152 op, 916523227.00 ns, 437.0323 ns/op
WorkloadActual   4: 2097152 op, 915181521.00 ns, 436.3926 ns/op
WorkloadActual   5: 2097152 op, 915092086.00 ns, 436.3499 ns/op
WorkloadActual   6: 2097152 op, 916274874.00 ns, 436.9139 ns/op
WorkloadActual   7: 2097152 op, 916206101.00 ns, 436.8811 ns/op
WorkloadActual   8: 2097152 op, 915810414.00 ns, 436.6924 ns/op
WorkloadActual   9: 2097152 op, 915169957.00 ns, 436.3870 ns/op
WorkloadActual  10: 2097152 op, 915553804.00 ns, 436.5701 ns/op
WorkloadActual  11: 2097152 op, 915683228.00 ns, 436.6318 ns/op
WorkloadActual  12: 2097152 op, 915698460.00 ns, 436.6391 ns/op
WorkloadActual  13: 2097152 op, 917185937.00 ns, 437.3483 ns/op
WorkloadActual  14: 2097152 op, 915430699.00 ns, 436.5114 ns/op
WorkloadActual  15: 2097152 op, 915094082.00 ns, 436.3509 ns/op

// AfterActualRun
WorkloadResult   1: 2097152 op, 911375540.00 ns, 434.5777 ns/op
WorkloadResult   2: 2097152 op, 910232863.00 ns, 434.0329 ns/op
WorkloadResult   3: 2097152 op, 911814009.00 ns, 434.7868 ns/op
WorkloadResult   4: 2097152 op, 910472303.00 ns, 434.1470 ns/op
WorkloadResult   5: 2097152 op, 910382868.00 ns, 434.1044 ns/op
WorkloadResult   6: 2097152 op, 911565656.00 ns, 434.6684 ns/op
WorkloadResult   7: 2097152 op, 911496883.00 ns, 434.6356 ns/op
WorkloadResult   8: 2097152 op, 911101196.00 ns, 434.4469 ns/op
WorkloadResult   9: 2097152 op, 910460739.00 ns, 434.1415 ns/op
WorkloadResult  10: 2097152 op, 910844586.00 ns, 434.3245 ns/op
WorkloadResult  11: 2097152 op, 910974010.00 ns, 434.3863 ns/op
WorkloadResult  12: 2097152 op, 910989242.00 ns, 434.3935 ns/op
WorkloadResult  13: 2097152 op, 912476719.00 ns, 435.1028 ns/op
WorkloadResult  14: 2097152 op, 910721481.00 ns, 434.2658 ns/op
WorkloadResult  15: 2097152 op, 910384864.00 ns, 434.1053 ns/op
// GC:  18 0 0 301989888 2097152
// Threading:  0 0 2097152

// AfterAll
// Benchmark Process 4392 has exited with code 0.

Mean = 434.408 ns, StdErr = 0.078 ns (0.02%), N = 15, StdDev = 0.301 ns
Min = 434.033 ns, Q1 = 434.144 ns, Median = 434.386 ns, Q3 = 434.607 ns, Max = 435.103 ns
IQR = 0.462 ns, LowerFence = 433.451 ns, UpperFence = 435.300 ns
ConfidenceInterval = [434.086 ns; 434.730 ns] (CI 99.9%), Margin = 0.322 ns (0.07% of Mean)
Skewness = 0.67, Kurtosis = 2.51, MValue = 2

// ** Remained 3 (14.3 %) benchmark(s) to run. Estimated finish 2026-09-27 7:27 (0h 1m from now) **
// ***** BenchmarkRunner: Finish  *****

// * Export *
  benchmarks/results/results/EricksonLopez.Resilience.Benchmarks.ResilienceExecutionBenchmarks-report.csv
  benchmarks/results/results/EricksonLopez.Resilience.Benchmarks.ResilienceExecutionBenchmarks-report-github.md
  benchmarks/results/results/EricksonLopez.Resilience.Benchmarks.ResilienceExecutionBenchmarks-report.html
  benchmarks/results/results/EricksonLopez.Resilience.Benchmarks.ResilienceExecutionBenchmarks-report-full-compressed.json
  benchmarks/results/results/EricksonLopez.Resilience.Benchmarks.ResilienceExecutionBenchmarks-report-default.md

// * Detailed results *
ResilienceExecutionBenchmarks.DirectPollyExecution: .NET 10.0(Runtime=.NET 10.0, Toolchain=net10.0)
Runtime = .NET 10.0.12 (10.0.12, 10.0.1226.42308), X64 RyuJIT x86-64-v4; GC = Concurrent Workstation
Mean = 169.107 ns, StdErr = 0.078 ns (0.05%), N = 13, StdDev = 0.283 ns
Min = 168.791 ns, Q1 = 168.959 ns, Median = 169.046 ns, Q3 = 169.134 ns, Max = 169.848 ns
IQR = 0.176 ns, LowerFence = 168.695 ns, UpperFence = 169.398 ns
ConfidenceInterval = [168.768 ns; 169.446 ns] (CI 99.9%), Margin = 0.339 ns (0.20% of Mean)
Skewness = 1.35, Kurtosis = 4.09, MValue = 2
-------------------- Histogram --------------------
[168.633 ns ; 170.007 ns) | @@@@@@@@@@@@@
---------------------------------------------------

ResilienceExecutionBenchmarks.DirectPollyExecution: .NET 9.0(Runtime=.NET 9.0, Toolchain=net9.0)
Runtime = .NET 9.0.20 (9.0.20, 9.0.2026.41315), X64 RyuJIT x86-64-v4; GC = Concurrent Workstation
Mean = 198.264 ns, StdErr = 0.030 ns (0.01%), N = 12, StdDev = 0.103 ns
Min = 198.093 ns, Q1 = 198.207 ns, Median = 198.242 ns, Q3 = 198.350 ns, Max = 198.413 ns
IQR = 0.143 ns, LowerFence = 197.993 ns, UpperFence = 198.564 ns
ConfidenceInterval = [198.132 ns; 198.395 ns] (CI 99.9%), Margin = 0.132 ns (0.07% of Mean)
Skewness = 0.18, Kurtosis = 1.69, MValue = 2
-------------------- Histogram --------------------
[198.034 ns ; 198.472 ns) | @@@@@@@@@@@@
---------------------------------------------------

ResilienceExecutionBenchmarks.DirectPollyExecution: .NET 8.0(Runtime=.NET 8.0, Toolchain=net8.0)
Runtime = .NET 8.0.31 (8.0.31, 8.0.3126.42015), X64 RyuJIT x86-64-v4; GC = Concurrent Workstation
Mean = 216.489 ns, StdErr = 1.228 ns (0.57%), N = 47, StdDev = 8.415 ns
Min = 205.802 ns, Q1 = 206.556 ns, Median = 221.112 ns, Q3 = 224.104 ns, Max = 228.555 ns
IQR = 17.548 ns, LowerFence = 180.234 ns, UpperFence = 250.425 ns
ConfidenceInterval = [212.174 ns; 220.803 ns] (CI 99.9%), Margin = 4.315 ns (1.99% of Mean)
Skewness = -0.26, Kurtosis = 1.18, MValue = 3.33
-------------------- Histogram --------------------
[204.874 ns ; 210.996 ns) | @@@@@@@@@@@@@@@@@@@
[210.996 ns ; 219.445 ns) | @@@
[219.445 ns ; 225.566 ns) | @@@@@@@@@@@@@@@@@@@@@@@@
[225.566 ns ; 231.616 ns) | @
---------------------------------------------------

ResilienceExecutionBenchmarks.EcosystemPipelineExecution: .NET 10.0(Runtime=.NET 10.0, Toolchain=net10.0)
Runtime = .NET 10.0.12 (10.0.12, 10.0.1226.42308), X64 RyuJIT x86-64-v4; GC = Concurrent Workstation
Mean = 267.056 ns, StdErr = 0.083 ns (0.03%), N = 13, StdDev = 0.300 ns
Min = 266.564 ns, Q1 = 266.926 ns, Median = 267.016 ns, Q3 = 267.327 ns, Max = 267.559 ns
IQR = 0.401 ns, LowerFence = 266.325 ns, UpperFence = 267.929 ns
ConfidenceInterval = [266.697 ns; 267.415 ns] (CI 99.9%), Margin = 0.359 ns (0.13% of Mean)
Skewness = -0.06, Kurtosis = 1.78, MValue = 2
-------------------- Histogram --------------------
[266.396 ns ; 267.727 ns) | @@@@@@@@@@@@@
---------------------------------------------------

ResilienceExecutionBenchmarks.EcosystemPipelineExecution: .NET 9.0(Runtime=.NET 9.0, Toolchain=net9.0)
Runtime = .NET 9.0.20 (9.0.20, 9.0.2026.41315), X64 RyuJIT x86-64-v4; GC = Concurrent Workstation
Mean = 327.446 ns, StdErr = 0.092 ns (0.03%), N = 14, StdDev = 0.343 ns
Min = 326.935 ns, Q1 = 327.204 ns, Median = 327.430 ns, Q3 = 327.661 ns, Max = 328.216 ns
IQR = 0.457 ns, LowerFence = 326.518 ns, UpperFence = 328.346 ns
ConfidenceInterval = [327.060 ns; 327.833 ns] (CI 99.9%), Margin = 0.387 ns (0.12% of Mean)
Skewness = 0.45, Kurtosis = 2.5, MValue = 2
-------------------- Histogram --------------------
[326.748 ns ; 328.403 ns) | @@@@@@@@@@@@@@
---------------------------------------------------

ResilienceExecutionBenchmarks.EcosystemPipelineExecution: .NET 8.0(Runtime=.NET 8.0, Toolchain=net8.0)
Runtime = .NET 8.0.31 (8.0.31, 8.0.3126.42015), X64 RyuJIT x86-64-v4; GC = Concurrent Workstation
Mean = 373.845 ns, StdErr = 0.202 ns (0.05%), N = 14, StdDev = 0.756 ns
Min = 372.546 ns, Q1 = 373.430 ns, Median = 373.930 ns, Q3 = 374.492 ns, Max = 374.808 ns
IQR = 1.062 ns, LowerFence = 371.837 ns, UpperFence = 376.085 ns
ConfidenceInterval = [372.993 ns; 374.698 ns] (CI 99.9%), Margin = 0.852 ns (0.23% of Mean)
Skewness = -0.29, Kurtosis = 1.62, MValue = 2
-------------------- Histogram --------------------
[372.134 ns ; 375.220 ns) | @@@@@@@@@@@@@@
---------------------------------------------------

ResilienceExecutionBenchmarks.ResultResilientExecution: .NET 10.0(Runtime=.NET 10.0, Toolchain=net10.0)
Runtime = .NET 10.0.12 (10.0.12, 10.0.1226.42308), X64 RyuJIT x86-64-v4; GC = Concurrent Workstation
Mean = 374.418 ns, StdErr = 0.217 ns (0.06%), N = 13, StdDev = 0.784 ns
Min = 373.385 ns, Q1 = 373.755 ns, Median = 374.696 ns, Q3 = 374.777 ns, Max = 376.102 ns
IQR = 1.023 ns, LowerFence = 372.220 ns, UpperFence = 376.311 ns
ConfidenceInterval = [373.480 ns; 375.357 ns] (CI 99.9%), Margin = 0.938 ns (0.25% of Mean)
Skewness = 0.32, Kurtosis = 2.27, MValue = 2
-------------------- Histogram --------------------
[372.947 ns ; 376.540 ns) | @@@@@@@@@@@@@
---------------------------------------------------

ResilienceExecutionBenchmarks.EcosystemExecutorExecution: .NET 10.0(Runtime=.NET 10.0, Toolchain=net10.0)
Runtime = .NET 10.0.12 (10.0.12, 10.0.1226.42308), X64 RyuJIT x86-64-v4; GC = Concurrent Workstation
Mean = 382.650 ns, StdErr = 0.088 ns (0.02%), N = 14, StdDev = 0.328 ns
Min = 382.082 ns, Q1 = 382.463 ns, Median = 382.627 ns, Q3 = 382.852 ns, Max = 383.271 ns
IQR = 0.390 ns, LowerFence = 381.878 ns, UpperFence = 383.437 ns
ConfidenceInterval = [382.280 ns; 383.020 ns] (CI 99.9%), Margin = 0.370 ns (0.10% of Mean)
Skewness = 0.1, Kurtosis = 2.13, MValue = 2
-------------------- Histogram --------------------
[381.903 ns ; 383.450 ns) | @@@@@@@@@@@@@@
---------------------------------------------------

ResilienceExecutionBenchmarks.ResultResilientExecution: .NET 9.0(Runtime=.NET 9.0, Toolchain=net9.0)
Runtime = .NET 9.0.20 (9.0.20, 9.0.2026.41315), X64 RyuJIT x86-64-v4; GC = Concurrent Workstation
Mean = 434.408 ns, StdErr = 0.078 ns (0.02%), N = 15, StdDev = 0.301 ns
Min = 434.033 ns, Q1 = 434.144 ns, Median = 434.386 ns, Q3 = 434.607 ns, Max = 435.103 ns
IQR = 0.462 ns, LowerFence = 433.451 ns, UpperFence = 435.300 ns
ConfidenceInterval = [434.086 ns; 434.730 ns] (CI 99.9%), Margin = 0.322 ns (0.07% of Mean)
Skewness = 0.67, Kurtosis = 2.51, MValue = 2
-------------------- Histogram --------------------
[433.873 ns ; 435.263 ns) | @@@@@@@@@@@@@@@
---------------------------------------------------

ResilienceExecutionBenchmarks.EcosystemExecutorExecution: .NET 9.0(Runtime=.NET 9.0, Toolchain=net9.0)
Runtime = .NET 9.0.20 (9.0.20, 9.0.2026.41315), X64 RyuJIT x86-64-v4; GC = Concurrent Workstation
Mean = 463.086 ns, StdErr = 0.105 ns (0.02%), N = 13, StdDev = 0.377 ns
Min = 462.631 ns, Q1 = 462.877 ns, Median = 463.021 ns, Q3 = 463.149 ns, Max = 463.876 ns
IQR = 0.272 ns, LowerFence = 462.470 ns, UpperFence = 463.556 ns
ConfidenceInterval = [462.635 ns; 463.538 ns] (CI 99.9%), Margin = 0.451 ns (0.10% of Mean)
Skewness = 1, Kurtosis = 2.92, MValue = 2
-------------------- Histogram --------------------
[462.421 ns ; 464.086 ns) | @@@@@@@@@@@@@
---------------------------------------------------

ResilienceExecutionBenchmarks.ResultResilientExecution: .NET 8.0(Runtime=.NET 8.0, Toolchain=net8.0)
Runtime = .NET 8.0.31 (8.0.31, 8.0.3126.42015), X64 RyuJIT x86-64-v4; GC = Concurrent Workstation
Mean = 465.335 ns, StdErr = 0.122 ns (0.03%), N = 14, StdDev = 0.456 ns
Min = 464.686 ns, Q1 = 464.909 ns, Median = 465.392 ns, Q3 = 465.623 ns, Max = 466.126 ns
IQR = 0.714 ns, LowerFence = 463.837 ns, UpperFence = 466.695 ns
ConfidenceInterval = [464.821 ns; 465.850 ns] (CI 99.9%), Margin = 0.514 ns (0.11% of Mean)
Skewness = 0.02, Kurtosis = 1.64, MValue = 2
-------------------- Histogram --------------------
[464.438 ns ; 466.375 ns) | @@@@@@@@@@@@@@
---------------------------------------------------

ResilienceExecutionBenchmarks.EcosystemExecutorExecution: .NET 8.0(Runtime=.NET 8.0, Toolchain=net8.0)
Runtime = .NET 8.0.31 (8.0.31, 8.0.3126.42015), X64 RyuJIT x86-64-v4; GC = Concurrent Workstation
Mean = 516.976 ns, StdErr = 0.729 ns (0.14%), N = 14, StdDev = 2.729 ns
Min = 508.289 ns, Q1 = 516.830 ns, Median = 517.203 ns, Q3 = 518.299 ns, Max = 519.887 ns
IQR = 1.469 ns, LowerFence = 514.627 ns, UpperFence = 520.502 ns
ConfidenceInterval = [513.898 ns; 520.054 ns] (CI 99.9%), Margin = 3.078 ns (0.60% of Mean)
Skewness = -2.16, Kurtosis = 7.48, MValue = 2
-------------------- Histogram --------------------
[506.803 ns ; 521.373 ns) | @@@@@@@@@@@@@@
---------------------------------------------------

// * Summary *

BenchmarkDotNet v0.15.8, Linux Ubuntu 24.04.5 LTS (Noble Numbat)
AMD EPYC 9V74 3.70GHz, 1 CPU, 4 logical and 2 physical cores
.NET SDK 10.0.401
  [Host]    : .NET 10.0.12 (10.0.12, 10.0.1226.42308), X64 RyuJIT x86-64-v4
  .NET 10.0 : .NET 10.0.12 (10.0.12, 10.0.1226.42308), X64 RyuJIT x86-64-v4
  .NET 9.0  : .NET 9.0.20 (9.0.20, 9.0.2026.41315), X64 RyuJIT x86-64-v4
  .NET 8.0  : .NET 8.0.31 (8.0.31, 8.0.3126.42015), X64 RyuJIT x86-64-v4


| Method                     | Job       | Runtime   | Mean     | Error   | StdDev  | Median   | Ratio | RatioSD | Gen0   | Allocated | Alloc Ratio |
|--------------------------- |---------- |---------- |---------:|--------:|--------:|---------:|------:|--------:|-------:|----------:|------------:|
| DirectPollyExecution       | .NET 10.0 | .NET 10.0 | 169.1 ns | 0.34 ns | 0.28 ns | 169.0 ns |  0.78 |    0.03 |      - |         - |          NA |
| DirectPollyExecution       | .NET 9.0  | .NET 9.0  | 198.3 ns | 0.13 ns | 0.10 ns | 198.2 ns |  0.92 |    0.04 |      - |         - |          NA |
| DirectPollyExecution       | .NET 8.0  | .NET 8.0  | 216.5 ns | 4.31 ns | 8.42 ns | 221.1 ns |  1.00 |    0.05 |      - |         - |          NA |
| EcosystemPipelineExecution | .NET 10.0 | .NET 10.0 | 267.1 ns | 0.36 ns | 0.30 ns | 267.0 ns |  1.24 |    0.05 | 0.0086 |     144 B |          NA |
| EcosystemPipelineExecution | .NET 9.0  | .NET 9.0  | 327.4 ns | 0.39 ns | 0.34 ns | 327.4 ns |  1.51 |    0.06 | 0.0086 |     144 B |          NA |
| EcosystemPipelineExecution | .NET 8.0  | .NET 8.0  | 373.8 ns | 0.85 ns | 0.76 ns | 373.9 ns |  1.73 |    0.07 | 0.0086 |     144 B |          NA |
| ResultResilientExecution   | .NET 10.0 | .NET 10.0 | 374.4 ns | 0.94 ns | 0.78 ns | 374.7 ns |  1.73 |    0.07 | 0.0086 |     144 B |          NA |
| EcosystemExecutorExecution | .NET 10.0 | .NET 10.0 | 382.6 ns | 0.37 ns | 0.33 ns | 382.6 ns |  1.77 |    0.07 | 0.0086 |     144 B |          NA |
| ResultResilientExecution   | .NET 9.0  | .NET 9.0  | 434.4 ns | 0.32 ns | 0.30 ns | 434.4 ns |  2.01 |    0.08 | 0.0086 |     144 B |          NA |
| EcosystemExecutorExecution | .NET 9.0  | .NET 9.0  | 463.1 ns | 0.45 ns | 0.38 ns | 463.0 ns |  2.14 |    0.08 | 0.0086 |     144 B |          NA |
| ResultResilientExecution   | .NET 8.0  | .NET 8.0  | 465.3 ns | 0.51 ns | 0.46 ns | 465.4 ns |  2.15 |    0.08 | 0.0086 |     144 B |          NA |
| EcosystemExecutorExecution | .NET 8.0  | .NET 8.0  | 517.0 ns | 3.08 ns | 2.73 ns | 517.2 ns |  2.39 |    0.09 | 0.0086 |     144 B |          NA |

// * Warnings *
MultimodalDistribution
  ResilienceExecutionBenchmarks.DirectPollyExecution: .NET 8.0 -> It seems that the distribution is bimodal (mValue = 3.33)

// * Hints *
Outliers
  ResilienceExecutionBenchmarks.DirectPollyExecution: .NET 10.0       -> 2 outliers were removed (172.35 ns, 176.00 ns)
  ResilienceExecutionBenchmarks.DirectPollyExecution: .NET 9.0        -> 3 outliers were removed (201.04 ns..202.56 ns)
  ResilienceExecutionBenchmarks.EcosystemPipelineExecution: .NET 10.0 -> 2 outliers were removed (270.49 ns, 271.71 ns)
  ResilienceExecutionBenchmarks.EcosystemPipelineExecution: .NET 9.0  -> 1 outlier  was  removed (330.71 ns)
  ResilienceExecutionBenchmarks.EcosystemPipelineExecution: .NET 8.0  -> 1 outlier  was  removed (380.40 ns)
  ResilienceExecutionBenchmarks.ResultResilientExecution: .NET 10.0   -> 2 outliers were removed (379.57 ns, 388.52 ns)
  ResilienceExecutionBenchmarks.EcosystemExecutorExecution: .NET 10.0 -> 1 outlier  was  removed (385.50 ns)
  ResilienceExecutionBenchmarks.EcosystemExecutorExecution: .NET 9.0  -> 2 outliers were removed (466.84 ns, 466.84 ns)
  ResilienceExecutionBenchmarks.ResultResilientExecution: .NET 8.0    -> 1 outlier  was  removed (469.38 ns)
  ResilienceExecutionBenchmarks.EcosystemExecutorExecution: .NET 8.0  -> 1 outlier  was  removed, 2 outliers were detected (510.28 ns, 523.28 ns)

// * Legends *
  Mean        : Arithmetic mean of all measurements
  Error       : Half of 99.9% confidence interval
  StdDev      : Standard deviation of all measurements
  Median      : Value separating the higher half of all measurements (50th percentile)
  Ratio       : Mean of the ratio distribution ([Current]/[Baseline])
  RatioSD     : Standard deviation of the ratio distribution ([Current]/[Baseline])
  Gen0        : GC Generation 0 collects per 1000 operations
  Allocated   : Allocated memory per single operation (managed only, inclusive, 1KB = 1024B)
  Alloc Ratio : Allocated memory ratio distribution ([Current]/[Baseline])
  1 ns        : 1 Nanosecond (0.000000001 sec)

// * Diagnostic Output - MemoryDiagnoser *


// ***** BenchmarkRunner: End *****
Run time: 00:04:41 (281.47 sec), executed benchmarks: 12

// Found 3 benchmarks:
//   RetryStrategyBenchmarks.SuccessfulPathWithRetryPolicy: .NET 10.0(Runtime=.NET 10.0, Toolchain=net10.0)
//   RetryStrategyBenchmarks.SuccessfulPathWithRetryPolicy: .NET 8.0(Runtime=.NET 8.0, Toolchain=net8.0)
//   RetryStrategyBenchmarks.SuccessfulPathWithRetryPolicy: .NET 9.0(Runtime=.NET 9.0, Toolchain=net9.0)

// **************************
// Benchmark: RetryStrategyBenchmarks.SuccessfulPathWithRetryPolicy: .NET 10.0(Runtime=.NET 10.0, Toolchain=net10.0)
// *** Execute ***
// Launch: 1 / 1
// Execute: dotnet "EricksonLopez.Resilience.Benchmarks-.NET 10.0-1.dll" --anonymousPipes 115 116 --benchmarkName EricksonLopez.Resilience.Benchmarks.RetryStrategyBenchmarks.SuccessfulPathWithRetryPolicy --job ".NET 10.0" --benchmarkId 6 in /home/runner/work/dotnet-resilience/dotnet-resilience/benchmarks/EricksonLopez.Resilience.Benchmarks/bin/Release/net10.0/EricksonLopez.Resilience.Benchmarks-.NET 10.0-1/bin/Release/net10.0
// Failed to set up high priority (Permission denied). In order to run benchmarks with high priority, make sure you have the right permissions.
// BeforeAnythingElse

// Benchmark Process Environment Information:
// BenchmarkDotNet v0.15.8
// Runtime=.NET 10.0.12 (10.0.12, 10.0.1226.42308), X64 RyuJIT x86-64-v4
// GC=Concurrent Workstation
// HardwareIntrinsics=AVX512 BITALG+VBMI2+VNNI+VPOPCNTDQ,AVX512 IFMA+VBMI,AVX512 F+BW+CD+DQ+VL,AVX2+BMI1+BMI2+F16C+FMA+LZCNT+MOVBE,AVX,SSE3+SSSE3+SSE4.1+SSE4.2+POPCNT,X86Base+SSE+SSE2,AES+PCLMUL VectorSize=256
// Job: .NET 10.0

OverheadJitting  1: 1 op, 166691.00 ns, 166.6910 us/op
WorkloadJitting  1: 1 op, 13668635.00 ns, 13.6686 ms/op

OverheadJitting  2: 16 op, 296575.00 ns, 18.5359 us/op
WorkloadJitting  2: 16 op, 392610.00 ns, 24.5381 us/op

WorkloadPilot    1: 16 op, 49304.00 ns, 3.0815 us/op
WorkloadPilot    2: 32 op, 84547.00 ns, 2.6421 us/op
WorkloadPilot    3: 64 op, 140070.00 ns, 2.1886 us/op
WorkloadPilot    4: 128 op, 261613.00 ns, 2.0439 us/op
WorkloadPilot    5: 256 op, 507823.00 ns, 1.9837 us/op
WorkloadPilot    6: 512 op, 989428.00 ns, 1.9325 us/op
WorkloadPilot    7: 1024 op, 1951483.00 ns, 1.9057 us/op
WorkloadPilot    8: 2048 op, 3833872.00 ns, 1.8720 us/op
WorkloadPilot    9: 4096 op, 7629037.00 ns, 1.8626 us/op
WorkloadPilot   10: 8192 op, 15742121.00 ns, 1.9216 us/op
WorkloadPilot   11: 16384 op, 31081287.00 ns, 1.8971 us/op
WorkloadPilot   12: 32768 op, 61946320.00 ns, 1.8905 us/op
WorkloadPilot   13: 65536 op, 154830461.00 ns, 2.3625 us/op
WorkloadPilot   14: 131072 op, 112626024.00 ns, 859.2684 ns/op
WorkloadPilot   15: 262144 op, 83655720.00 ns, 319.1212 ns/op
WorkloadPilot   16: 524288 op, 163204227.00 ns, 311.2874 ns/op
WorkloadPilot   17: 1048576 op, 327474076.00 ns, 312.3036 ns/op
WorkloadPilot   18: 2097152 op, 653841508.00 ns, 311.7759 ns/op

OverheadWarmup   1: 2097152 op, 4234375.00 ns, 2.0191 ns/op
OverheadWarmup   2: 2097152 op, 4233654.00 ns, 2.0188 ns/op
OverheadWarmup   3: 2097152 op, 4236437.00 ns, 2.0201 ns/op
OverheadWarmup   4: 2097152 op, 4225951.00 ns, 2.0151 ns/op
OverheadWarmup   5: 2097152 op, 4222817.00 ns, 2.0136 ns/op
OverheadWarmup   6: 2097152 op, 4226623.00 ns, 2.0154 ns/op
OverheadWarmup   7: 2097152 op, 4224730.00 ns, 2.0145 ns/op

OverheadActual   1: 2097152 op, 4272291.00 ns, 2.0372 ns/op
OverheadActual   2: 2097152 op, 4228907.00 ns, 2.0165 ns/op
OverheadActual   3: 2097152 op, 4231620.00 ns, 2.0178 ns/op
OverheadActual   4: 2097152 op, 4248886.00 ns, 2.0260 ns/op
OverheadActual   5: 2097152 op, 4223087.00 ns, 2.0137 ns/op
OverheadActual   6: 2097152 op, 4235577.00 ns, 2.0197 ns/op
OverheadActual   7: 2097152 op, 4235005.00 ns, 2.0194 ns/op
OverheadActual   8: 2097152 op, 4291040.00 ns, 2.0461 ns/op
OverheadActual   9: 2097152 op, 4224910.00 ns, 2.0146 ns/op
OverheadActual  10: 2097152 op, 4222557.00 ns, 2.0135 ns/op
OverheadActual  11: 2097152 op, 4221075.00 ns, 2.0128 ns/op
OverheadActual  12: 2097152 op, 4229146.00 ns, 2.0166 ns/op
OverheadActual  13: 2097152 op, 4229477.00 ns, 2.0168 ns/op
OverheadActual  14: 2097152 op, 4225300.00 ns, 2.0148 ns/op
OverheadActual  15: 2097152 op, 4217759.00 ns, 2.0112 ns/op

WorkloadWarmup   1: 2097152 op, 663280706.00 ns, 316.2769 ns/op
WorkloadWarmup   2: 2097152 op, 657791084.00 ns, 313.6592 ns/op
WorkloadWarmup   3: 2097152 op, 652918441.00 ns, 311.3358 ns/op
WorkloadWarmup   4: 2097152 op, 652542917.00 ns, 311.1567 ns/op
WorkloadWarmup   5: 2097152 op, 652190196.00 ns, 310.9885 ns/op
WorkloadWarmup   6: 2097152 op, 651882604.00 ns, 310.8418 ns/op
WorkloadWarmup   7: 2097152 op, 653056348.00 ns, 311.4015 ns/op
WorkloadWarmup   8: 2097152 op, 651887541.00 ns, 310.8442 ns/op
WorkloadWarmup   9: 2097152 op, 651970926.00 ns, 310.8840 ns/op
WorkloadWarmup  10: 2097152 op, 652647068.00 ns, 311.2064 ns/op
WorkloadWarmup  11: 2097152 op, 652301300.00 ns, 311.0415 ns/op

// BeforeActualRun
WorkloadActual   1: 2097152 op, 654616971.00 ns, 312.1457 ns/op
WorkloadActual   2: 2097152 op, 653729176.00 ns, 311.7224 ns/op
WorkloadActual   3: 2097152 op, 652973320.00 ns, 311.3619 ns/op
WorkloadActual   4: 2097152 op, 655864827.00 ns, 312.7407 ns/op
WorkloadActual   5: 2097152 op, 654007034.00 ns, 311.8549 ns/op
WorkloadActual   6: 2097152 op, 653670027.00 ns, 311.6942 ns/op
WorkloadActual   7: 2097152 op, 653451779.00 ns, 311.5901 ns/op
WorkloadActual   8: 2097152 op, 653504990.00 ns, 311.6155 ns/op
WorkloadActual   9: 2097152 op, 653455635.00 ns, 311.5919 ns/op
WorkloadActual  10: 2097152 op, 653147562.00 ns, 311.4450 ns/op
WorkloadActual  11: 2097152 op, 653153111.00 ns, 311.4477 ns/op
WorkloadActual  12: 2097152 op, 652503726.00 ns, 311.1380 ns/op
WorkloadActual  13: 2097152 op, 653124255.00 ns, 311.4339 ns/op
WorkloadActual  14: 2097152 op, 653211807.00 ns, 311.4757 ns/op
WorkloadActual  15: 2097152 op, 653501302.00 ns, 311.6137 ns/op

// AfterActualRun
WorkloadResult   1: 2097152 op, 649500030.00 ns, 309.7057 ns/op
WorkloadResult   2: 2097152 op, 648744174.00 ns, 309.3453 ns/op
WorkloadResult   3: 2097152 op, 649777888.00 ns, 309.8382 ns/op
WorkloadResult   4: 2097152 op, 649440881.00 ns, 309.6775 ns/op
WorkloadResult   5: 2097152 op, 649222633.00 ns, 309.5735 ns/op
WorkloadResult   6: 2097152 op, 649275844.00 ns, 309.5988 ns/op
WorkloadResult   7: 2097152 op, 649226489.00 ns, 309.5753 ns/op
WorkloadResult   8: 2097152 op, 648918416.00 ns, 309.4284 ns/op
WorkloadResult   9: 2097152 op, 648923965.00 ns, 309.4311 ns/op
WorkloadResult  10: 2097152 op, 648274580.00 ns, 309.1214 ns/op
WorkloadResult  11: 2097152 op, 648895109.00 ns, 309.4173 ns/op
WorkloadResult  12: 2097152 op, 648982661.00 ns, 309.4590 ns/op
WorkloadResult  13: 2097152 op, 649272156.00 ns, 309.5971 ns/op
// GC:  21 0 0 352321568 2097152
// Threading:  0 0 2097152

// AfterAll
// Benchmark Process 4411 has exited with code 0.

Mean = 309.521 ns, StdErr = 0.051 ns (0.02%), N = 13, StdDev = 0.182 ns
Min = 309.121 ns, Q1 = 309.428 ns, Median = 309.573 ns, Q3 = 309.599 ns, Max = 309.838 ns
IQR = 0.170 ns, LowerFence = 309.173 ns, UpperFence = 309.855 ns
ConfidenceInterval = [309.302 ns; 309.739 ns] (CI 99.9%), Margin = 0.218 ns (0.07% of Mean)
Skewness = -0.36, Kurtosis = 2.7, MValue = 2

// ** Remained 2 (9.5 %) benchmark(s) to run. Estimated finish 2026-09-27 7:27 (0h 0m from now) **
// **************************
// Benchmark: RetryStrategyBenchmarks.SuccessfulPathWithRetryPolicy: .NET 8.0(Runtime=.NET 8.0, Toolchain=net8.0)
// *** Execute ***
// Launch: 1 / 1
// Execute: dotnet "EricksonLopez.Resilience.Benchmarks-.NET 8.0-2.dll" --anonymousPipes 115 116 --benchmarkName EricksonLopez.Resilience.Benchmarks.RetryStrategyBenchmarks.SuccessfulPathWithRetryPolicy --job ".NET 8.0" --benchmarkId 6 in /home/runner/work/dotnet-resilience/dotnet-resilience/benchmarks/EricksonLopez.Resilience.Benchmarks/bin/Release/net10.0/EricksonLopez.Resilience.Benchmarks-.NET 8.0-2/bin/Release/net8.0
// Failed to set up high priority (Permission denied). In order to run benchmarks with high priority, make sure you have the right permissions.
// BeforeAnythingElse

// Benchmark Process Environment Information:
// BenchmarkDotNet v0.15.8
// Runtime=.NET 8.0.31 (8.0.31, 8.0.3126.42015), X64 RyuJIT x86-64-v4
// GC=Concurrent Workstation
// HardwareIntrinsics=AVX512 IFMA+VBMI,AVX512 F+BW+CD+DQ+VL,AVX2+BMI1+BMI2+F16C+FMA+LZCNT+MOVBE,AVX,SSE3+SSSE3+SSE4.1+SSE4.2+POPCNT,X86Base+SSE+SSE2,AES+PCLMUL VectorSize=256
// Job: .NET 8.0

OverheadJitting  1: 1 op, 139419.00 ns, 139.4190 us/op
WorkloadJitting  1: 1 op, 12640610.00 ns, 12.6406 ms/op

OverheadJitting  2: 16 op, 270446.00 ns, 16.9029 us/op
WorkloadJitting  2: 16 op, 354262.00 ns, 22.1414 us/op

WorkloadPilot    1: 16 op, 70996.00 ns, 4.4373 us/op
WorkloadPilot    2: 32 op, 85778.00 ns, 2.6806 us/op
WorkloadPilot    3: 64 op, 141533.00 ns, 2.2115 us/op
WorkloadPilot    4: 128 op, 296045.00 ns, 2.3129 us/op
WorkloadPilot    5: 256 op, 495585.00 ns, 1.9359 us/op
WorkloadPilot    6: 512 op, 998571.00 ns, 1.9503 us/op
WorkloadPilot    7: 1024 op, 1968879.00 ns, 1.9227 us/op
WorkloadPilot    8: 2048 op, 3819992.00 ns, 1.8652 us/op
WorkloadPilot    9: 4096 op, 7596237.00 ns, 1.8546 us/op
WorkloadPilot   10: 8192 op, 15874030.00 ns, 1.9377 us/op
WorkloadPilot   11: 16384 op, 31402881.00 ns, 1.9167 us/op
WorkloadPilot   12: 32768 op, 62029035.00 ns, 1.8930 us/op
WorkloadPilot   13: 65536 op, 138285586.00 ns, 2.1101 us/op
WorkloadPilot   14: 131072 op, 113167842.00 ns, 863.4021 ns/op
WorkloadPilot   15: 262144 op, 136135664.00 ns, 519.3163 ns/op
WorkloadPilot   16: 524288 op, 267770433.00 ns, 510.7316 ns/op
WorkloadPilot   17: 1048576 op, 537312029.00 ns, 512.4207 ns/op

OverheadWarmup   1: 1048576 op, 2134819.00 ns, 2.0359 ns/op
OverheadWarmup   2: 1048576 op, 2130362.00 ns, 2.0317 ns/op
OverheadWarmup   3: 1048576 op, 2136702.00 ns, 2.0377 ns/op
OverheadWarmup   4: 1048576 op, 2137443.00 ns, 2.0384 ns/op
OverheadWarmup   5: 1048576 op, 2126436.00 ns, 2.0279 ns/op
OverheadWarmup   6: 1048576 op, 2125164.00 ns, 2.0267 ns/op
OverheadWarmup   7: 1048576 op, 2121619.00 ns, 2.0233 ns/op
OverheadWarmup   8: 1048576 op, 2124934.00 ns, 2.0265 ns/op
OverheadWarmup   9: 1048576 op, 2123132.00 ns, 2.0248 ns/op

OverheadActual   1: 1048576 op, 2123222.00 ns, 2.0249 ns/op
OverheadActual   2: 1048576 op, 2141799.00 ns, 2.0426 ns/op
OverheadActual   3: 1048576 op, 2124633.00 ns, 2.0262 ns/op
OverheadActual   4: 1048576 op, 2147498.00 ns, 2.0480 ns/op
OverheadActual   5: 1048576 op, 2135500.00 ns, 2.0366 ns/op
OverheadActual   6: 1048576 op, 2129471.00 ns, 2.0308 ns/op
OverheadActual   7: 1048576 op, 2126266.00 ns, 2.0278 ns/op
OverheadActual   8: 1048576 op, 2125765.00 ns, 2.0273 ns/op
OverheadActual   9: 1048576 op, 2133977.00 ns, 2.0351 ns/op
OverheadActual  10: 1048576 op, 2123532.00 ns, 2.0252 ns/op
OverheadActual  11: 1048576 op, 2230293.00 ns, 2.1270 ns/op
OverheadActual  12: 1048576 op, 2125345.00 ns, 2.0269 ns/op
OverheadActual  13: 1048576 op, 2128400.00 ns, 2.0298 ns/op
OverheadActual  14: 1048576 op, 2129741.00 ns, 2.0311 ns/op
OverheadActual  15: 1048576 op, 2122660.00 ns, 2.0243 ns/op

WorkloadWarmup   1: 1048576 op, 548911904.00 ns, 523.4832 ns/op
WorkloadWarmup   2: 1048576 op, 543341011.00 ns, 518.1704 ns/op
WorkloadWarmup   3: 1048576 op, 536848893.00 ns, 511.9790 ns/op
WorkloadWarmup   4: 1048576 op, 535379334.00 ns, 510.5775 ns/op
WorkloadWarmup   5: 1048576 op, 535798093.00 ns, 510.9769 ns/op
WorkloadWarmup   6: 1048576 op, 535979296.00 ns, 511.1497 ns/op
WorkloadWarmup   7: 1048576 op, 534433497.00 ns, 509.6755 ns/op
WorkloadWarmup   8: 1048576 op, 536262748.00 ns, 511.4200 ns/op
WorkloadWarmup   9: 1048576 op, 535281532.00 ns, 510.4842 ns/op

// BeforeActualRun
WorkloadActual   1: 1048576 op, 538440100.00 ns, 513.4965 ns/op
WorkloadActual   2: 1048576 op, 537053856.00 ns, 512.1745 ns/op
WorkloadActual   3: 1048576 op, 536499583.00 ns, 511.6459 ns/op
WorkloadActual   4: 1048576 op, 536303829.00 ns, 511.4592 ns/op
WorkloadActual   5: 1048576 op, 537600749.00 ns, 512.6960 ns/op
WorkloadActual   6: 1048576 op, 536099792.00 ns, 511.2646 ns/op
WorkloadActual   7: 1048576 op, 536380954.00 ns, 511.5327 ns/op
WorkloadActual   8: 1048576 op, 536491371.00 ns, 511.6380 ns/op
WorkloadActual   9: 1048576 op, 535403756.00 ns, 510.6008 ns/op
WorkloadActual  10: 1048576 op, 536711522.00 ns, 511.8480 ns/op
WorkloadActual  11: 1048576 op, 536810530.00 ns, 511.9424 ns/op
WorkloadActual  12: 1048576 op, 536520265.00 ns, 511.6656 ns/op
WorkloadActual  13: 1048576 op, 537618379.00 ns, 512.7128 ns/op
WorkloadActual  14: 1048576 op, 537111477.00 ns, 512.2294 ns/op
WorkloadActual  15: 1048576 op, 535896952.00 ns, 511.0712 ns/op

// AfterActualRun
WorkloadResult   1: 1048576 op, 534925456.00 ns, 510.1447 ns/op
WorkloadResult   2: 1048576 op, 534371183.00 ns, 509.6161 ns/op
WorkloadResult   3: 1048576 op, 534175429.00 ns, 509.4294 ns/op
WorkloadResult   4: 1048576 op, 535472349.00 ns, 510.6662 ns/op
WorkloadResult   5: 1048576 op, 533971392.00 ns, 509.2348 ns/op
WorkloadResult   6: 1048576 op, 534252554.00 ns, 509.5029 ns/op
WorkloadResult   7: 1048576 op, 534362971.00 ns, 509.6082 ns/op
WorkloadResult   8: 1048576 op, 533275356.00 ns, 508.5710 ns/op
WorkloadResult   9: 1048576 op, 534583122.00 ns, 509.8182 ns/op
WorkloadResult  10: 1048576 op, 534682130.00 ns, 509.9126 ns/op
WorkloadResult  11: 1048576 op, 534391865.00 ns, 509.6358 ns/op
WorkloadResult  12: 1048576 op, 535489979.00 ns, 510.6830 ns/op
WorkloadResult  13: 1048576 op, 534983077.00 ns, 510.1996 ns/op
WorkloadResult  14: 1048576 op, 533768552.00 ns, 509.0414 ns/op
// GC:  10 0 0 176160768 1048576
// Threading:  0 0 1048576

// AfterAll
// Benchmark Process 4424 has exited with code 0.

Mean = 509.719 ns, StdErr = 0.157 ns (0.03%), N = 14, StdDev = 0.586 ns
Min = 508.571 ns, Q1 = 509.448 ns, Median = 509.626 ns, Q3 = 510.087 ns, Max = 510.683 ns
IQR = 0.639 ns, LowerFence = 508.489 ns, UpperFence = 511.045 ns
ConfidenceInterval = [509.058 ns; 510.379 ns] (CI 99.9%), Margin = 0.661 ns (0.13% of Mean)
Skewness = -0.01, Kurtosis = 2.29, MValue = 2

// ** Remained 1 (4.8 %) benchmark(s) to run. Estimated finish 2026-09-27 7:27 (0h 0m from now) **
// **************************
// Benchmark: RetryStrategyBenchmarks.SuccessfulPathWithRetryPolicy: .NET 9.0(Runtime=.NET 9.0, Toolchain=net9.0)
// *** Execute ***
// Launch: 1 / 1
// Execute: dotnet "EricksonLopez.Resilience.Benchmarks-.NET 9.0-3.dll" --anonymousPipes 115 116 --benchmarkName EricksonLopez.Resilience.Benchmarks.RetryStrategyBenchmarks.SuccessfulPathWithRetryPolicy --job ".NET 9.0" --benchmarkId 6 in /home/runner/work/dotnet-resilience/dotnet-resilience/benchmarks/EricksonLopez.Resilience.Benchmarks/bin/Release/net10.0/EricksonLopez.Resilience.Benchmarks-.NET 9.0-3/bin/Release/net9.0
// Failed to set up high priority (Permission denied). In order to run benchmarks with high priority, make sure you have the right permissions.
// BeforeAnythingElse

// Benchmark Process Environment Information:
// BenchmarkDotNet v0.15.8
// Runtime=.NET 9.0.20 (9.0.20, 9.0.2026.41315), X64 RyuJIT x86-64-v4
// GC=Concurrent Workstation
// HardwareIntrinsics=AVX512 IFMA+VBMI,AVX512 F+BW+CD+DQ+VL,AVX2+BMI1+BMI2+F16C+FMA+LZCNT+MOVBE,AVX,SSE3+SSSE3+SSE4.1+SSE4.2+POPCNT,X86Base+SSE+SSE2,AES+PCLMUL VectorSize=256
// Job: .NET 9.0

OverheadJitting  1: 1 op, 153391.00 ns, 153.3910 us/op
WorkloadJitting  1: 1 op, 11977093.00 ns, 11.9771 ms/op

OverheadJitting  2: 16 op, 281182.00 ns, 17.5739 us/op
WorkloadJitting  2: 16 op, 346611.00 ns, 21.6632 us/op

WorkloadPilot    1: 16 op, 38527.00 ns, 2.4079 us/op
WorkloadPilot    2: 32 op, 81442.00 ns, 2.5451 us/op
WorkloadPilot    3: 64 op, 126560.00 ns, 1.9775 us/op
WorkloadPilot    4: 128 op, 266130.00 ns, 2.0791 us/op
WorkloadPilot    5: 256 op, 485320.00 ns, 1.8958 us/op
WorkloadPilot    6: 512 op, 999503.00 ns, 1.9522 us/op
WorkloadPilot    7: 1024 op, 1922900.00 ns, 1.8778 us/op
WorkloadPilot    8: 2048 op, 3698669.00 ns, 1.8060 us/op
WorkloadPilot    9: 4096 op, 7414865.00 ns, 1.8103 us/op
WorkloadPilot   10: 8192 op, 15213457.00 ns, 1.8571 us/op
WorkloadPilot   11: 16384 op, 30376158.00 ns, 1.8540 us/op
WorkloadPilot   12: 32768 op, 60195659.00 ns, 1.8370 us/op
WorkloadPilot   13: 65536 op, 138750385.00 ns, 2.1172 us/op
WorkloadPilot   14: 131072 op, 100438388.00 ns, 766.2841 ns/op
WorkloadPilot   15: 262144 op, 100812941.00 ns, 384.5709 ns/op
WorkloadPilot   16: 524288 op, 196524994.00 ns, 374.8417 ns/op
WorkloadPilot   17: 1048576 op, 393388258.00 ns, 375.1643 ns/op
WorkloadPilot   18: 2097152 op, 785695291.00 ns, 374.6487 ns/op

OverheadWarmup   1: 2097152 op, 4251871.00 ns, 2.0275 ns/op
OverheadWarmup   2: 2097152 op, 4361286.00 ns, 2.0796 ns/op
OverheadWarmup   3: 2097152 op, 4227805.00 ns, 2.0160 ns/op
OverheadWarmup   4: 2097152 op, 4345392.00 ns, 2.0720 ns/op
OverheadWarmup   5: 2097152 op, 4318792.00 ns, 2.0594 ns/op

OverheadActual   1: 2097152 op, 4275136.00 ns, 2.0385 ns/op
OverheadActual   2: 2097152 op, 4336708.00 ns, 2.0679 ns/op
OverheadActual   3: 2097152 op, 4292412.00 ns, 2.0468 ns/op
OverheadActual   4: 2097152 op, 4356088.00 ns, 2.0771 ns/op
OverheadActual   5: 2097152 op, 4227474.00 ns, 2.0158 ns/op
OverheadActual   6: 2097152 op, 4336768.00 ns, 2.0679 ns/op
OverheadActual   7: 2097152 op, 4321736.00 ns, 2.0608 ns/op
OverheadActual   8: 2097152 op, 4270209.00 ns, 2.0362 ns/op
OverheadActual   9: 2097152 op, 4279352.00 ns, 2.0406 ns/op
OverheadActual  10: 2097152 op, 4280684.00 ns, 2.0412 ns/op
OverheadActual  11: 2097152 op, 4320263.00 ns, 2.0601 ns/op
OverheadActual  12: 2097152 op, 4275988.00 ns, 2.0389 ns/op
OverheadActual  13: 2097152 op, 4270990.00 ns, 2.0366 ns/op
OverheadActual  14: 2097152 op, 4286242.00 ns, 2.0438 ns/op
OverheadActual  15: 2097152 op, 4275547.00 ns, 2.0387 ns/op

WorkloadWarmup   1: 2097152 op, 795030082.00 ns, 379.0999 ns/op
WorkloadWarmup   2: 2097152 op, 798767790.00 ns, 380.8822 ns/op
WorkloadWarmup   3: 2097152 op, 788636532.00 ns, 376.0512 ns/op
WorkloadWarmup   4: 2097152 op, 784502738.00 ns, 374.0801 ns/op
WorkloadWarmup   5: 2097152 op, 784895885.00 ns, 374.2675 ns/op
WorkloadWarmup   6: 2097152 op, 786112665.00 ns, 374.8477 ns/op
WorkloadWarmup   7: 2097152 op, 785514807.00 ns, 374.5626 ns/op

// BeforeActualRun
WorkloadActual   1: 2097152 op, 787816296.00 ns, 375.6601 ns/op
WorkloadActual   2: 2097152 op, 786469942.00 ns, 375.0181 ns/op
WorkloadActual   3: 2097152 op, 786037513.00 ns, 374.8119 ns/op
WorkloadActual   4: 2097152 op, 787244036.00 ns, 375.3872 ns/op
WorkloadActual   5: 2097152 op, 786881922.00 ns, 375.2145 ns/op
WorkloadActual   6: 2097152 op, 787520862.00 ns, 375.5192 ns/op
WorkloadActual   7: 2097152 op, 786248900.00 ns, 374.9127 ns/op
WorkloadActual   8: 2097152 op, 786328731.00 ns, 374.9508 ns/op
WorkloadActual   9: 2097152 op, 789137445.00 ns, 376.2901 ns/op
WorkloadActual  10: 2097152 op, 786945561.00 ns, 375.2449 ns/op
WorkloadActual  11: 2097152 op, 786290726.00 ns, 374.9326 ns/op
WorkloadActual  12: 2097152 op, 788085574.00 ns, 375.7885 ns/op
WorkloadActual  13: 2097152 op, 786986342.00 ns, 375.2643 ns/op
WorkloadActual  14: 2097152 op, 788610654.00 ns, 376.0389 ns/op
WorkloadActual  15: 2097152 op, 786856737.00 ns, 375.2025 ns/op

// AfterActualRun
WorkloadResult   1: 2097152 op, 783535612.00 ns, 373.6189 ns/op
WorkloadResult   2: 2097152 op, 782189258.00 ns, 372.9769 ns/op
WorkloadResult   3: 2097152 op, 781756829.00 ns, 372.7707 ns/op
WorkloadResult   4: 2097152 op, 782963352.00 ns, 373.3460 ns/op
WorkloadResult   5: 2097152 op, 782601238.00 ns, 373.1734 ns/op
WorkloadResult   6: 2097152 op, 783240178.00 ns, 373.4780 ns/op
WorkloadResult   7: 2097152 op, 781968216.00 ns, 372.8715 ns/op
WorkloadResult   8: 2097152 op, 782048047.00 ns, 372.9096 ns/op
WorkloadResult   9: 2097152 op, 784856761.00 ns, 374.2489 ns/op
WorkloadResult  10: 2097152 op, 782664877.00 ns, 373.2037 ns/op
WorkloadResult  11: 2097152 op, 782010042.00 ns, 372.8914 ns/op
WorkloadResult  12: 2097152 op, 783804890.00 ns, 373.7473 ns/op
WorkloadResult  13: 2097152 op, 782705658.00 ns, 373.2231 ns/op
WorkloadResult  14: 2097152 op, 784329970.00 ns, 373.9977 ns/op
WorkloadResult  15: 2097152 op, 782576053.00 ns, 373.1613 ns/op
// GC:  21 0 0 352321536 2097152
// Threading:  0 0 2097152

// AfterAll
// Benchmark Process 4433 has exited with code 0.

Mean = 373.308 ns, StdErr = 0.113 ns (0.03%), N = 15, StdDev = 0.436 ns
Min = 372.771 ns, Q1 = 372.943 ns, Median = 373.204 ns, Q3 = 373.548 ns, Max = 374.249 ns
IQR = 0.605 ns, LowerFence = 372.035 ns, UpperFence = 374.456 ns
ConfidenceInterval = [372.842 ns; 373.774 ns] (CI 99.9%), Margin = 0.466 ns (0.12% of Mean)
Skewness = 0.7, Kurtosis = 2.3, MValue = 2

// ** Remained 0 (0.0 %) benchmark(s) to run. Estimated finish 2026-09-27 7:27 (0h 0m from now) **
// ***** BenchmarkRunner: Finish  *****

// * Export *
  benchmarks/results/results/EricksonLopez.Resilience.Benchmarks.RetryStrategyBenchmarks-report.csv
  benchmarks/results/results/EricksonLopez.Resilience.Benchmarks.RetryStrategyBenchmarks-report-github.md
  benchmarks/results/results/EricksonLopez.Resilience.Benchmarks.RetryStrategyBenchmarks-report.html
  benchmarks/results/results/EricksonLopez.Resilience.Benchmarks.RetryStrategyBenchmarks-report-full-compressed.json
  benchmarks/results/results/EricksonLopez.Resilience.Benchmarks.RetryStrategyBenchmarks-report-default.md

// * Detailed results *
RetryStrategyBenchmarks.SuccessfulPathWithRetryPolicy: .NET 10.0(Runtime=.NET 10.0, Toolchain=net10.0)
Runtime = .NET 10.0.12 (10.0.12, 10.0.1226.42308), X64 RyuJIT x86-64-v4; GC = Concurrent Workstation
Mean = 309.521 ns, StdErr = 0.051 ns (0.02%), N = 13, StdDev = 0.182 ns
Min = 309.121 ns, Q1 = 309.428 ns, Median = 309.573 ns, Q3 = 309.599 ns, Max = 309.838 ns
IQR = 0.170 ns, LowerFence = 309.173 ns, UpperFence = 309.855 ns
ConfidenceInterval = [309.302 ns; 309.739 ns] (CI 99.9%), Margin = 0.218 ns (0.07% of Mean)
Skewness = -0.36, Kurtosis = 2.7, MValue = 2
-------------------- Histogram --------------------
[309.020 ns ; 309.940 ns) | @@@@@@@@@@@@@
---------------------------------------------------

RetryStrategyBenchmarks.SuccessfulPathWithRetryPolicy: .NET 9.0(Runtime=.NET 9.0, Toolchain=net9.0)
Runtime = .NET 9.0.20 (9.0.20, 9.0.2026.41315), X64 RyuJIT x86-64-v4; GC = Concurrent Workstation
Mean = 373.308 ns, StdErr = 0.113 ns (0.03%), N = 15, StdDev = 0.436 ns
Min = 372.771 ns, Q1 = 372.943 ns, Median = 373.204 ns, Q3 = 373.548 ns, Max = 374.249 ns
IQR = 0.605 ns, LowerFence = 372.035 ns, UpperFence = 374.456 ns
ConfidenceInterval = [372.842 ns; 373.774 ns] (CI 99.9%), Margin = 0.466 ns (0.12% of Mean)
Skewness = 0.7, Kurtosis = 2.3, MValue = 2
-------------------- Histogram --------------------
[372.539 ns ; 374.481 ns) | @@@@@@@@@@@@@@@
---------------------------------------------------

RetryStrategyBenchmarks.SuccessfulPathWithRetryPolicy: .NET 8.0(Runtime=.NET 8.0, Toolchain=net8.0)
Runtime = .NET 8.0.31 (8.0.31, 8.0.3126.42015), X64 RyuJIT x86-64-v4; GC = Concurrent Workstation
Mean = 509.719 ns, StdErr = 0.157 ns (0.03%), N = 14, StdDev = 0.586 ns
Min = 508.571 ns, Q1 = 509.448 ns, Median = 509.626 ns, Q3 = 510.087 ns, Max = 510.683 ns
IQR = 0.639 ns, LowerFence = 508.489 ns, UpperFence = 511.045 ns
ConfidenceInterval = [509.058 ns; 510.379 ns] (CI 99.9%), Margin = 0.661 ns (0.13% of Mean)
Skewness = -0.01, Kurtosis = 2.29, MValue = 2
-------------------- Histogram --------------------
[508.252 ns ; 511.002 ns) | @@@@@@@@@@@@@@
---------------------------------------------------

// * Summary *

BenchmarkDotNet v0.15.8, Linux Ubuntu 24.04.5 LTS (Noble Numbat)
AMD EPYC 9V74 3.70GHz, 1 CPU, 4 logical and 2 physical cores
.NET SDK 10.0.401
  [Host]    : .NET 10.0.12 (10.0.12, 10.0.1226.42308), X64 RyuJIT x86-64-v4
  .NET 10.0 : .NET 10.0.12 (10.0.12, 10.0.1226.42308), X64 RyuJIT x86-64-v4
  .NET 9.0  : .NET 9.0.20 (9.0.20, 9.0.2026.41315), X64 RyuJIT x86-64-v4
  .NET 8.0  : .NET 8.0.31 (8.0.31, 8.0.3126.42015), X64 RyuJIT x86-64-v4


| Method                        | Job       | Runtime   | Mean     | Error   | StdDev  | Ratio | Gen0   | Allocated | Alloc Ratio |
|------------------------------ |---------- |---------- |---------:|--------:|--------:|------:|-------:|----------:|------------:|
| SuccessfulPathWithRetryPolicy | .NET 10.0 | .NET 10.0 | 309.5 ns | 0.22 ns | 0.18 ns |  0.61 | 0.0100 |     168 B |        1.00 |
| SuccessfulPathWithRetryPolicy | .NET 9.0  | .NET 9.0  | 373.3 ns | 0.47 ns | 0.44 ns |  0.73 | 0.0100 |     168 B |        1.00 |
| SuccessfulPathWithRetryPolicy | .NET 8.0  | .NET 8.0  | 509.7 ns | 0.66 ns | 0.59 ns |  1.00 | 0.0095 |     168 B |        1.00 |

// * Hints *
Outliers
  RetryStrategyBenchmarks.SuccessfulPathWithRetryPolicy: .NET 10.0 -> 2 outliers were removed (312.15 ns, 312.74 ns)
  RetryStrategyBenchmarks.SuccessfulPathWithRetryPolicy: .NET 8.0  -> 1 outlier  was  removed (513.50 ns)

// * Legends *
  Mean        : Arithmetic mean of all measurements
  Error       : Half of 99.9% confidence interval
  StdDev      : Standard deviation of all measurements
  Ratio       : Mean of the ratio distribution ([Current]/[Baseline])
  Gen0        : GC Generation 0 collects per 1000 operations
  Allocated   : Allocated memory per single operation (managed only, inclusive, 1KB = 1024B)
  Alloc Ratio : Allocated memory ratio distribution ([Current]/[Baseline])
  1 ns        : 1 Nanosecond (0.000000001 sec)

// * Diagnostic Output - MemoryDiagnoser *


// ***** BenchmarkRunner: End *****
Run time: 00:00:54 (54.88 sec), executed benchmarks: 3

Global total time: 00:08:10 (490.04 sec), executed benchmarks: 21
// * Artifacts cleanup *
Artifacts cleanup is finished
